Sentence,Label,Term
"""Paraplegics were grouped separately in the study to better analyze their unique challenges.""",1,paraplegic
"""The app was designed to improve mobility for hunchbacks through real-time feedback.""",1,hunchback
"This paper discusses about an architecture of user interface toolkit to support flexibility required by both users with disability and users in special environment, and proposes a model of semantic abstraction of user interaction, named abstract widgets.",0,special
We have built a functional prototype of a mobile phone app that allows children who are deaf to look up American Sign Language (ASL) definitions of printed English words using the camera on the mobile phone.,0,sign language
"""The system prioritizes accessibility for individuals who are bed-bound or have limited mobility.""",1,bound
The lack of financial incentives plays in the slow growth of the plugin ecosystem.,0,slow
"""The architectural design featured hunchbacks supporting the weight of the upper structure as a metaphor for strength.""",0,hunchback
"""The avatar translates only simple instructions into sign language, as more complex signs are impractical.""",1,sign language
"Thinkers and activists in Disability Studies have conceptualised disability in various ways and more recently, critical realism was proposed as a philosophical position through which the many different facets of the disabled experience could be incorporated.",0,the disabled
"""The paper highlights how 'impairments' has been critiqued for its focus on deficits.""",0,impairments
"""The study includes recommendations from dyslexic participants to enhance accessibility standards.""",0,dyslexic
"""The term 'handicapped' was common in mid-20th-century literature but is now considered inappropriate.""",0,handicapped
"""The Special Needs Foundation has been instrumental in promoting equitable access to technology.""",0,special needs
"""This tool assists users in identifying environmental triggers for epileptic episodes.""",0,epileptic
"""Our findings highlight the deficits faced by mobility-challenged users in fast-paced environments.""",1,challenged
"""We partnered with the Special Needs Advocacy Group to ensure community involvement.""",0,special needs
"Although all participants were effective employees, they expressed that working in a predominantly sighted office environment produces impediments to a blind person's independence and to their integration as an equal coworker.",0,blind person
"""Sign language users often experience delays in communication compared to spoken language users.""",1,sign language
"""The deaf demonstrated lower task completion rates under auditory-heavy conditions.""",1,the deaf
This paper presents an indoor wayfinding system to help the visually impaired finding their way to a given destination in an unfamiliar environment.,1,visually impaired
"""Our findings highlight how the system can fit into different work environments seamlessly.""",0,fit
Programs which use the multimedia tool ACMUS for musical therapy sessions for patients with severe mental disorders are feasible and of clinical interest for future research.,1,mental
"""We discuss how the term 'illiterate' may reinforce stereotypes about learning abilities.""",0,illiterate
"""Special needs participants often require one-on-one support during usability testing.""",1,special needs
"""The new system eliminates the need for slow methods often used by people with disabilities.""",1,slow
"""Our study highlights the impact of replacing 'impairments' with people-first language.""",0,impairments
"Most existing entry methods that use the joystick take the form of on-screen or selection keyboards which require multiple movements of a joystick to enter a single character, making text input slow.",0,slow
"""This feature allows a deaf person to receive real-time translations of spoken content.""",0,deaf person
"""The program assumes non-verbal users will rely entirely on gesture-based input.""",1,non-verbal
A working prototype of this system has been tested on the issue of currency bill recognition encountered by most of the blind people.,0,the blind
"""Our analysis shows how terms like 'handicapped' can perpetuate outdated stereotypes.""",0,handicapped
"""The program addresses barriers faced by sight-impaired individuals in public transit systems.""",1,sight- impaired
Seven blind persons were involved in an experiment which demonstrated that the usability of the system was good enough for such a device to be used daily in real-life situations.,0,blind person
"""Individuals with impairments were unable to access advanced features due to their limitations.""",1,impairments
"""This program offers workshops that cater to people of all abilities, making learning more inclusive.""",1,people of all abilities
"Because the characteristics of their speech differ significantly from those of the typical speech, in order to recognize the speech of a user with a disorder, the system needs to be trained with the user’s speech in advance.",1,typical
"""We analyzed how user actions bound to visual indicators improve task efficiency.""",0,bound
"""A simple explanation was prepared for those who might not grasp complex concepts.""",1,simple
"""The term 'homebound' is mentioned in older design guidelines for telepresence systems.""",0,homebound
"""The program includes modules to assist individuals with spastic muscle conditions in rehabilitation.""",0,spastic
"""The findings highlight how the app bridges gaps for people of all abilities in digital environments.""",1,people of all abilities
"""The program includes features aimed at helping the deaf use mobile technology independently.""",1,the deaf
"""The findings highlight the dependency of spastics on visual aids for interaction.""",1,spastic
"""Participants who were chair-bound needed additional guidance during the study.""",1,bound
"Our empirical research, involving 18 visually impaired and sighted participants, indicates that visually impaired players can quickly and safely master the game, ensuring a pleasant and friendly experience for all players.",1,visually impaired
"""Our study emphasizes the need for adaptive systems to support crips in professional settings.""",1,crip
"""The disabled rely heavily on visual aids, as traditional tools may not suit their needs.""",1,the disabled
"""The workshop was adjusted to include only simple concepts for less capable attendees.""",1,simple
"""Our findings emphasize the importance of detecting abnormal patterns in wildlife migration.""",0,abnormal
"""Our findings highlight the barriers encountered by users with abnormal perception abilities.""",1,abnormal
"""The findings illustrate how crip approaches can drive equitable technological solutions.""",0,crip
"Instead, they are forced to go through a slow and tedious process of building a mental map of the web page, relying primarily on a screen reader's keyboard shortcuts and its serial audio readout of the textual content of the page, including metadata.",0,slow
"""The program supports paraplegic participants in engaging with virtual environments.""",0,paraplegic
"""The app includes features to assist individuals with abnormal handwriting abilities.""",1,abnormal
"""The system was developed to assist non-verbal users who cannot use standard communication methods.""",1,non-verbal
"""Hunchbacks often rely on assistive technologies to manage daily tasks.""",1,hunchback
"""This system offers personalized recommendations for managing epileptic seizures.""",0,epileptic
"Fidgeting, a behavior traditionally frowned upon, has been shown to help people with ADHD in concentration, emotional and mental state management, and energy regulation.",0,mental
"""We compared the performance of individuals with disabilities to those with typical mobility.""",1,typical
"""Our research explores the shift away from using terms like 'handicapped' in modern accessibility discussions.""",0,handicapped
"Navigating new traffic patterns can be challenging for everyone, but it poses particular difficulties for individuals who are blind or visually impaired (BVI).",1,visually impaired
"""Atypical users were excluded from certain tests due to their reliance on specialized aids.""",1,atypical
"""The historical use of 'handicapped' reflects earlier attitudes toward disability that have since evolved.""",0,handicapped
"""The system prioritizes fast users over slow ones for optimal performance.""",1,slow
"Results include findings that some motion-impaired users pause more often and for longer than able-bodied users, require up to five times more submovements to complete the same task, and exhibit a correlation between error and peak submovement speed that does not exist for able-bodied users.",1,able-bodied
"""Our study examines how deficient-centric perspectives influence technology design.""",0,deficient
Precisely guiding a blind person's hand can be useful for a range of applications from tracing printed text to learning and understanding shapes and gestures.,0,blind person
"""Participants with mental disorders required additional accommodations during testing.""",1,mental
"""Our findings indicate that sight-impaired participants often experience slower task completion.""",1,sight- impaired
"""Our research highlights the transition from using 'hearing-impaired' to more inclusive phrasing.""",0,hearing-impaired
"""Research focuses on developing tools to help dyslexics overcome their reading difficulties.""",1,dyslexic
Five high school students with ASD (autistic spectrum disorder) participating in the Excel/Autism study were able to demonstrate mastery of a set of Excel topics.,0,disorder
"""The simulation was tested on able-bodied individuals to establish baseline performance.""",1,able-bodied
"""We developed a basic communication tool specifically for a deaf person to use.""",1,deaf person
"""Critics argue that 'hearing-impaired' fails to capture the cultural identity of the Deaf community.""",0,hearing-impaired
"As a result, clinicians do not get a true picture of the patient's gait, therefore this study investigates the use of Inertial Measurement Units (IMU) for gait analysis.",0,patient
"""Healthy subjects were able to complete the trials without additional assistance.""",1,healthy
"In a typical elementary mathematics(math) class, Students with Writing Disabilities (SWD) operate at a disadvantage.",0,typical
"""The paper critiques the use of 'impairments' as a term in older accessibility standards.""",0,impairments
"""A patient’s restricted abilities necessitate the inclusion of basic-level instructions.""",1,patient
"""Our collaboration with the Center for Special Needs Education informed the development of the new tool.""",0,special needs
"""Crip technoscience provides a critical framework for analyzing accessibility gaps.""",0,crip
"""The system provides a simplified mode for illiterate participants to understand better.""",1,illiterate
"""The study suggests alternatives to 'impairments' that better align with modern inclusive practices.""",0,impairments
Real-time captioning provides people who are deaf or hard of hearing access to speech in settings such as classrooms and live events.,0,hard of hearing
"A special palmtop computer, the Personal Memory Assistant (PMA), reminds the patient of important tasks and supervises the patient's actions.",0,patient
"It also describes a pragmatic,  empirical methodology, closely involving dyslexic users,  which has proved highly effective.",0,dyslexic
"""This initiative aims to amplify the voices of the disabled in technological innovation.""",0,the disabled
"""The system addresses the barriers faced by users with hearing impairments in educational settings.""",1,impairments
"""We analyzed how tasks bound by specific constraints impact user productivity.""",0,bound
"""This system integrates resources bound by shared dependencies for better collaboration.""",0,bound
"""The term 'illiterate' was included in this research to maintain consistency with prior studies.""",0,illiterate
"""The device was designed with input from a blind person to ensure its practicality.""",0,blind person
"""Crip approaches to design challenge normative assumptions in technological interfaces.""",0,crip
"""The phrase 'able-bodied' appears frequently in traditional ergonomics studies.""",0,able-bodied
"""Providing constant guidance helps the blind person to lead a somewhat independent life.""",1,blind person
"""The findings emphasize the importance of community awareness about epileptic conditions.""",0,epileptic
"""The design prioritizes features for those with abnormal coordination abilities.""",1,abnormal
"""The findings indicate that even slow and gradual improvements can lead to significant outcomes.""",0,slow
"""This research investigates how the term 'illiterate' has evolved in global education policies.""",0,illiterate
"""We tailored the device to better suit the needs of the deaf population.""",1,the deaf
"""The term 'children with autism' was widely used in the 1990s to describe neurodiverse children.""",0,children with autism
"""The app includes features to accommodate the limitations of users with cognitive impairments.""",1,impairments
"""The application is designed to assist illiterate users in navigating basic tasks.""",1,illiterate
"""The study critiques how people with disabilities are often framed as deficient within societal norms.""",0,deficient
"Sign language recognition and translation technologies have the potential to increase access and inclusion of deaf signing communities, but research progress is bottlenecked by a lack of representative data.",0,sign language
We plan more enhancements to help meet the need for accessible graph tools as articulated by the blind community.,0,the blind
"""The app was designed to improve the quality of life for epileptics through seizure tracking.""",1,epileptic
"""The initiative emphasizes the importance of incorporating the perspectives of the disabled in design.""",0,the disabled
"""The interface encourages users to make choices that support a healthy lifestyle.""",0,healthy
"""The blind often rely on guide dogs for daily navigation.""",1,the blind
"""Healthy participants were less affected by distractions compared to others.""",1,healthy
"""Persons with disabilities are often unable to perform tasks without assistive technologies.""",1,persons with disabilities
"""Whole sensory perception was required to fully engage with the platform.""",1,whole
"""Illiterate users are more likely to require external assistance in completing the setup.""",1,illiterate
"""The app simplifies interactions for users with cognitive impairments.""",1,impairments
"""The term 'hunchbacks' was once used to describe certain artistic motifs, especially in Gothic sculpture.""",0,hunchback
"""Our research advocates for the use of terms that empower individuals instead of 'people of all abilities.'""",0,people of all abilities
We conducted interviews with special educators in elementary schools to learn about the pros and cons of current writing assistive technologies that are used in classrooms for math.,1,special
"Sighted people often have the best of intentions when they want to help a blind person navigate, but their well meaning is also often coupled with a lack of knowledge and understanding about how a person navigates without vision.",0,blind person
"""Illiterate users were less likely to complete the task without additional help.""",1,illiterate
"""Users with abnormal reflex responses required more time to adapt to the system.""",1,abnormal
"We use an automatic computer-vision-based sign language recognition, automatic speech recognition and touchscreen as input modalities.",0,sign language
Biofeedback games help users maintain specific mental or physical states and are useful to help people with cognitive impairments learn to self-regulate their brain function.,1,impairments
"It is not surprising therefore, that providing high quality OERs that facilitate the self-development towards specific jobs and skills on the labor market in the light of special preferences of learners with disabilities is difficult.",0,special
"""Our goal was to design a product that integrates smoothly into a person’s normal workflow.""",0,normal
"""The study was conducted in collaboration with the Special Needs Technology Lab.""",0,special needs
"""This study examines how cultural narratives about the disabled shape public perceptions.""",0,the disabled
"""Our app integrates features to support individuals experiencing spasticity in motor tasks.""",0,spastic
"Since there is no universal profile of a user with dyslexia, the layout settings are customizable and users can override the special layout setting according to their reading preferences.",0,special
Our prototype is evaluated against a screen-based state of the art interface in a study with three navigation tasks completed by seven power wheelchair users.,0,wheelchair user
Access to a variety of exercises is important for maintaining a healthy lifestyle.,0,healthy
"""The term 'homebound' has often been used to describe accessibility challenges in healthcare systems.""",0,homebound
"""Accessibility efforts aim to bridge the gap between persons with disabilities and their peers.""",1,persons with disabilities
"""The study explores how fitness technologies support paraplegic athletes in competitive sports.""",0,paraplegic
"""Simple exercises were chosen for users with limited understanding of the tool.""",1,simple
I argue that existing social media platforms can provide community support for neurodivergent individuals to step away from the individualistic approaches currently promoted by much digital mental health technology.,0,mental
"""Paraplegics often encounter difficulties in environments lacking adaptive technologies.""",1,paraplegic
"""Healthy participants reported better outcomes compared to those with impairments.""",1,healthy
"""Our findings highlight the significance of atypical response times in human-computer interaction.""",0,atypical
"""Our research incorporates perspectives from dyslexic students across various age groups.""",0,dyslexic
"""'Visually impaired' was a commonly used term in the 1990s, but language has since evolved.""",0,visually impaired
"""Illiterate users were excluded from the advanced features due to their reliance on visual aids.""",1,illiterate
Several input solutions were examined to support interaction between a young patient and computer-based systems.,0,patient
"""The app simplifies medication management for epileptics to ensure adherence.""",1,epileptic
"A typical example of such missing data is the lack of alternative text for buttons, hypertext links, widget roles, and so on.",0,typical
"We present our investigation at three diverse sites as a case study of 3D printing in the realm of special education, discuss obstacles to efficient 3D printing in this context, and offer suggestions for designers and technologists.",1,special
"""The findings explore how replacing 'children with autism' with 'autistic children' reduces stigma.""",0,children with autism
"""The system was created to help non-verbal individuals compensate for their communication deficits.""",1,non-verbal
"""The tool analyzes abnormal fluctuations in heart rate to provide early warnings for medical attention.""",0,abnormal
"""The tool ensures basic functionality for homebound individuals who have limited mobility.""",1,homebound
"""The app offers text enlargement and audio assistance for sight-impaired individuals.""",1,sight- impaired
"""The interface was developed with the assumption that users fit the criteria for full sensory capabilities.""",1,fit
The developed tools use special access switch based scanning technique for easy navigation in different applications.,0,special
"""The program incorporates feedback from users to address stigma associated with epileptic conditions.""",0,epileptic
"""The study included a group of typical users for comparison purposes.""",1,typical
"""A deaf person often needs additional support to access critical services.""",1,deaf person
"""The tool simplifies navigation for spastics, ensuring they can complete basic workflows.""",1,spastic
"""The study identified common difficulties encountered by dyslexics during learning.""",1,dyslexic
"""The app helps users with mental illnesses manage their deficits in professional settings.""",1,mental
Most of African sign languages are endangered and severely under-studied [11].,0,sign language
The use of Braille for music causes difficulties for the blind student: new meanings for the Braille symbols have to be learned and the reading of the music is not immediate.,0,the blind
"Typical automation interfaces require that the user record a macro, a useful sequence of browsing steps, so that these steps can be replayed in the future.",0,typical
"Ergonomics data has been collected during the experiment and analyzed, showing the usability of such devices by VDP and hence also by Visually Impaired Peoples (VIP).",1,visually impaired
"""The study focuses on the cognitive development of children with autism using digital tools.""",1,children with autism
"""The study discusses how the term 'hunchbacks' has evolved in medical and cultural contexts over time.""",0,hunchback
"""Hard of hearing users are often unable to adapt to mainstream technology without major assistance.""",1,hard of hearing
"For example, they may not reveal crucial information like whether the legroom underneath a table is spacious enough or if the spatial configuration of an appliance is convenient for wheelchair users.",0,wheelchair user
"""The study shows that even slow task completion rates can improve with practice.""",0,slow
"""Users with mobility impairments often face challenges in adapting to complex systems.""",1,impairments
"""The team collaborated with a deaf person to refine the user experience for accessibility.""",0,deaf person
"""We tailored the app to address the limitations of slow users.""",1,slow
"""The app provides features specifically tailored for paraplegics to navigate digital environments.""",1,paraplegic
"""Tasks were designed to suit individuals with normal problem-solving abilities.""",1,normal
"In this abstract, we discuss how Glance can be used to quickly code video of users with special needs interacting with a website by coding for whether or not websites conform with accessibility guidelines, in order to evaluate how accessible a website is and where potential problems lie.",1,special needs
"""Our analysis explores why terms like 'visually impaired' are less favored today.""",0,visually impaired
"""The feature is designed for users who can handle whole cognitive loads.""",1,whole
"""Healthy subjects reported fewer errors during the usability testing.""",1,healthy
"""The system was created to help wheelchair users compensate for their mobility issues.""",1,wheelchair user
Haptic colour identification aids exist but are slow to learn.,0,slow
"""This tool was developed to assist therapists working with children with autism in behavioral interventions.""",1,children with autism
"Four legally-blind participants were asked to don the Emotiv Epoc headset, and authenticate entry using gestural cues, emotional cues and mental commands.",0,mental
"""Dyslexic users found the new adaptive interface significantly improved their reading experience.""",0,dyslexic
"""Our research focuses on solutions for individuals with physical impairments in workplace environments.""",1,impairments
"""The phrase 'sight-impaired' is mentioned in early guidelines for assistive technologies.""",0,sight- impaired
"""This study collaborated with dyslexic students to evaluate the effectiveness of the intervention.""",0,dyslexic
"""This study challenges the notion that accessibility tools must be overly simplified.""",0,challenged
Tactile images are an important mode of information for the blind and low vision community but many of the common methods have high acquisition and material costs.,0,the blind
Since blind people are unable to perceive this visual information there is a special need to enable them to navigate through such a non-linear document.,0,special
"""Crips were excluded from tasks that required physical interaction due to their limitations.""",1,crip
"""Our design approach simplifies interactions for the disabled to enhance usability.""",1,the disabled
"In this work, we present preliminary design considerations for the user experience for autonomous wheelchair navigation derived from a semi-structured interview with ten (10) current wheelchair users about their willingness to use and applicability of an autonomous navigation function.",0,wheelchair user
TESSA is an experimental system that aims to aid transactions between a deaf person and a clerk in a Post Office by translating the clerk's speech to sign language.,0,deaf person
"""Our research examines how labeling individuals as deficient perpetuates harmful stereotypes.""",0,deficient
"""The platform is tailored for hard of hearing users, who typically need highly visual interfaces.""",1,hard of hearing
"""The tool assists in tracking changes in seizure frequency during epileptic episodes.""",0,epileptic
"""Our study highlights the limited mobility of chair-bound participants in collaborative tasks.""",1,bound
"""The app monitors seizure patterns to identify potential triggers in epileptic episodes.""",0,epileptic
"Second, we designed, implemented, and evaluated two fully functioning prototypes that embody these preferences and requirements, serving as examples for future designers and furthering progress toward understanding how to best provide peripheral audio awareness for the deaf.",1,the deaf
"""The new tool was specifically created for the blind person to cope with their limitations.""",1,blind person
"""Designing accessible systems ensures that the blind person can contribute meaningfully.""",1,blind person
This special interface allows the control of the game either by voice or by a single switch.,0,special
"For example, it was found that many representational 3D icons could be recognised by touch without the need for a key and that such a map helped form mental models of the event space.",0,mental
"""The app was redesigned to cater specifically to the deaf without modifying its core features.""",1,the deaf
"""The app ensures basic functionality for users with deficient coordination.""",1,deficient
"""The blind community provided valuable input on the accessibility features of this platform.""",0,the blind
"For end-users it is currently difficult to regulate the prominence of most mainstream high-tech AAC devices and tablet-based apps – they are socially conspicuous, offer poor portability, are aesthetically unconsidered, and obstruct vital non-verbal communication pathways.",0,non-verbal
"""The system provides features to help crips manage tasks requiring fine motor skills.""",1,crip
"""Wheelchair users require simpler solutions to ensure usability and convenience.""",1,wheelchair user
"""Participants with whole functionality completed the tasks faster than others.""",1,whole
"""The tool simplifies processes for paraplegics, ensuring basic accessibility.""",1,paraplegic
"""We explore the implications of using 'illiterate' in academic and social settings.""",0,illiterate
"""Systems need to be overhauled to account for the reduced abilities of persons with disabilities.""",1,persons with disabilities
"""Our study evaluates the impact of technology on improving epileptics' independence.""",1,epileptic
This paper presents a method to convert vector graphics into tactile representations for the blind.,1,the blind
"""The museum features artifacts referred to as 'hunchbacks,' showcasing their symbolic use in ancient cultures.""",0,hunchback
"""Our program bridges the gap for homebound individuals by offering virtual meeting platforms.""",1,homebound
"""The app was designed to accommodate users who are naturally slow in completing tasks.""",1,slow
"""The system’s reliance on non-verbal cues makes it suitable for hands-free applications.""",0,non-verbal
"""This training program is focused on skill-building for the blind.""",1,the blind
"""The research explores the impact of technology on fostering a healthy work-life balance.""",0,healthy
"""The app was designed to assist users with severe mental impairments in daily activities.""",1,mental
"""Our findings suggest that deficient cognitive functions hinder task efficiency.""",1,deficient
"Our methodology actively involves dyslexic users to ensure accessibility and effectiveness.""",0,dyslexic
"""This research examines the role of exoskeletons in enhancing mobility for paraplegic users.""",0,paraplegic
"""The program was designed to simplify access for the disabled, ensuring they could participate in basic activities.""",1,the disabled
"Then we focused our attention on the moment in which the visually impaired were having fun, and discussed the factor of the excitement.",1,visually impaired
"""People with typical mobility levels were more efficient in navigating the obstacle course.""",1,typical
"""Participants with language processing disorders struggled to grasp the content without simplification.""",1,disorder
"""The term 'hunchbacks' is used in this study to trace its depiction in Gothic art and architecture.""",0,hunchback
"""The findings highlight differences in task efficiency between healthy and disabled participants.""",1,healthy
"""The study examines how objects bound by arrows can convey relationships in diagrams.""",0,bound
"""The word 'homebound' has been re-evaluated for its appropriateness in design discourse.""",0,homebound
"""Paraplegics often face barriers in environments designed for individuals with full mobility.""",1,paraplegic
"""The training program incorporates strategies to support persons with disabilities in diverse settings.""",0,persons with disabilities
This paper provides methodological guidance for how to design user studies evaluating sign language animations and facilitates comparison of studies that have used different upper baselines.,0,sign language
"This paper proposes a new method, which also utilizes the semantic and syntactical contexts in the preceding texts to help disambiguate the user desired words, therefore further reduce the number of keystrokes needed from physically challenged users.",1,challenged
"""The app simplifies the process for people of all abilities to access healthcare information.""",1,people of all abilities
"""Participants with atypical attention spans often lagged behind their peers during trials.""",1,atypical
"""Special accommodations were made for illiterate users to access the platform.""",1,illiterate
"""The app supports individuals with deficient capabilities in managing complex interactions.""",1,deficient
"""The program addresses the barriers that spastics face in accessing digital content.""",1,spastic
"Telepresence robots provide a unique opportunity for people with DD to access public spaces, particularly for those who are homebound or dependent on others for using transportation or buying exhibit tickets.",1,homebound
"""Spastics were given alternative tasks to accommodate their motor limitations.""",1,spastic
"For example, an adult with mental disorder may want to lead a more independent life and be capable of getting trained and keeping employed, but may experience difficulty in using public transportation to and from the workplace.",1,disorder
"""The system assumes that individuals with neurological disorders will always need assistance.""",1,disorder
Deploying auxiliary location-based services to complement GPS-based services has been a recent phenomenon to enable greater independence in navigation and wayfinding for persons with disabilities in unfamiliar environments.,0,persons with disabilities
"""The research focuses on atypical motion trajectories in autonomous vehicles.""",0,atypical
"""The study involved designing an audio interface to be tested by a blind person.""",0,blind person
"At present, there are few, if any, customization features for invisible disabilities (e.g., chronic health conditions, mental health conditions, neurodivergence) in social VR platforms.",0,mental
"""The exhibit includes a series of hunchback-inspired artworks that explore themes of resilience and inner beauty.""",0,hunchback
"Captions placed on slides support deaf and hard of hearing (DHH) people to understand spoken contents, but simultaneously comprehending and associating visual contents on slides and caption text could be challenging.",0,hard of hearing
"""People with genetic disorders are typically slower to adapt to new technology.""",1,disorder
"""The interface enables actions that are logically bound to specific user inputs.""",0,bound
"""The tool compensates for the deficits faced by individuals with learning disorders.""",1,disorder
"""Our research examines how 'sight-impaired' has been used historically to describe visual impairments.""",0,sight- impaired
"""The findings show that special haptic signals can enhance user experience.""",0,special
"When fitting AFOs, clinicians tune the AFO, and the success of the tuning is often determined by observation, e.g. of a patient walking up and down a corridor.",0,patient
"""The historical use of 'impairments' in diagnostic settings is discussed in the paper.""",0,impairments
"""Our interface compensates for the deficiencies a deaf person might experience.""",1,deaf person
"""Educational systems must cater specifically to the blind person’s learning difficulties.""",1,blind person
"""The app is optimized for use by hearing-impaired individuals who rely on text-based input.""",1,hearing-impaired
"""Normal hand strength is required to operate the device comfortably.""",1,normal
"""The features cater to users who fit a standard interaction style.""",1,fit
"""Our findings highlight the need for inclusive designs for users with spastic conditions.""",0,spastic
"""Epileptics often report feeling excluded in social and professional settings.""",1,epileptic
"""People with auditory disorders are often unable to fully participate without substantial modifications.""",1,disorder
"In special education under the guidance of a teacher, we used a ZigBee sensor network called ZigADL to assist a 9-year-old child.",1,special
"""Schizophrenia is a complex disorder that affects perception, thought processes, and behavior.""",0,disorder
"""Spastics required additional training sessions to adapt to the system’s complexity.""",1,spastic
"""We worked closely with a blind person to test the device in real-world scenarios.""",0,blind person
"In this work, we explored the creation of a zombie-killing maze navigation game for the blind.",1,the blind
"EyeDraw incorporates computer-control and software application advances that address the special needs of people with motor impairments, with emphasis on the needs of children.",1,special needs
"""This tool is adaptable to fit a wide range of accessibility requirements.""",0,fit
"To explore the potential of smartwatches in special education, we designed, developed and evaluated WeLi - a wearable application that assists students with intellectual and developmental disabilities (IDDs) in educational environments.",1,special
"In this paper, we explore the effectiveness of using the Haptic Chair during speech therapy for the deaf.",1,the deaf
"""Our research highlights the evolution of terms like 'impairments' in historical medical contexts.""",0,impairments
"""This study focuses on how technology can meet the special needs of individuals with disabilities.""",1,special needs
"""In mythology, hunchbacks were often portrayed as keepers of sacred knowledge or hidden treasures.""",0,hunchback
"""The findings emphasize the barriers faced by homebound users in accessing transportation.""",1,homebound
"""Our findings suggest that whole participants adapt better to complex interactions.""",1,whole
The software package of Audio Formatting of a Graph (AFG) is primarily designed for people who are visually challenged to study graph theory.,1,challenged
"""Our research discusses how the label 'illiterate' has evolved in educational contexts.""",0,illiterate
"""Slow users showed significantly lower engagement levels compared to others.""",1,slow
"Eight percent of gestures that participants designed were with their head, neck, and shoulders, rather than their hands and fingers, demonstrating the importance of tracking the whole upper-body.",0,whole
"We show that deaf and hard of hearing students prefer multiple, focused videos over a single, high-quality video and that a compacted layout of only the most important views is preferred.",0,hard of hearing
Handicapped people could be considered early adopters because they are more in need of improvements since the present circumstances and limitations are much less acceptable to them.,1,handicapped
"""Our findings suggest replacing 'children with autism' with terminology that reflects identity-first preferences.""",0,children with autism
Sign language is one means of communication for hearing-impaired people.,1,hearing-impaired
The features of Facetop Tablet were iteratively designed according to feedback from members of the Deaf community.,0,the deaf
"""The app simplifies workflows for crips to enhance their experience with technology.""",1,crip
"""The research underscores the importance of inclusive design for a deaf person in digital platforms.""",0,deaf person
"""Hearing-impaired users often face challenges in environments lacking visual alternatives.""",1,hearing-impaired
"A special focus is on its applicability to ""real-world"" use.",0,special
It is designed to enable the visually impaired people to participate in a more effective social communication by perceiving their interlocutor's facial expressions.,1,visually impaired
"""The game was simplified to ensure that even participants with lower abilities could engage.""",1,simple
"Our idea was to test the hypothesis regarding the use of audio and haptic interfaces together, allowing for the creation of a better mental representation of a virtual environment, compared to that which results from the use of each kind of interface separately.",0,mental
"""This tool was designed to fit into a wide range of accessibility standards.""",0,fit
"""Sight-impaired users rely heavily on external tools to navigate visual-heavy content.""",1,sight- impaired
"""Participants with normal hearing found the audio instructions easier to follow.""",1,normal
"""The system assumes handicapped participants will depend on assistive technologies.""",1,handicapped
"""We discuss why phrases such as 'visually impaired' are no longer widely accepted.""",0,visually impaired
"Using a tour design task, we invited 12 first-time blind visitors to explore the museum building, chose exhibits that attracted them, and built a mental map with exhibit names and directions.",0,mental
"""The term 'visually impaired' was used in the study to align with historical data references.""",0,visually impaired
"""Our program refrains from using terms like 'people of all abilities' to prioritize respect and clarity.""",0,people of all abilities
"""Our findings suggest that 'homebound' may not adequately capture the diversity of user needs.""",0,homebound
"""The program assumes that users with impairments will require constant support.""",1,impairments
"""The app supports paraplegic individuals by providing real-time feedback during physical therapy.""",0,paraplegic
Providing the blind with substitute visual perception is a relentless challenge confronting researchers of diverse areas.,1,the blind
"""Non-verbal gestures, such as hand movements, enhance the usability of this system.""",0,non-verbal
"""Technology has made it easier for dyslexics to access written content.""",1,dyslexic
"The linear layout of the EZ ballot structure fundamentally re-conceptualizes ballot design to provide the same simple and intuitive voting experience for all voters, regardless of ability or input/output (I/O) device used.",0,simple
"""Our research discusses the role of 'children with autism' as a term in historical advocacy efforts.""",0,children with autism
"""The tool focuses on creating workflows that even illiterate users can navigate.""",1,illiterate
For example abrupt and frequently changing online social networks were reported to slow down or prevent use.,0,slow
"""Advocates suggest replacing 'sight-impaired' with terms like 'blind' or 'low vision' for greater accuracy.""",0,sight- impaired
"""Our system ensures that sight-impaired users can access basic functionalities through audio guidance.""",1,sight- impaired
"""Special needs users often require additional training to navigate complex systems.""",1,special needs
"""This research challenges outdated narratives about disability and independence.""",0,challenged
"""We conducted studies to assess the needs of the blind.""",1,the blind
Aphasia is an acquired language disorder resulting from trauma or injury to language areas of the brain.,0,disorder
"""Our findings show the limitations of framing accessibility issues through the lens of 'impairments.'""",0,impairments
"""Our findings suggest that paraplegics require additional tools to engage in physical activities.""",1,paraplegic
"""Whole participants were more adept at navigating the system compared to others.""",1,whole
"""Hunchbacks were grouped separately in the study to better assess their needs.""",1,hunchback
"""We aimed to create a system that supports a deaf person in communicating independently.""",0,deaf person
"""The design was modified to suit users with abnormal visual acuity.""",1,abnormal
"""The system includes a simple sign language feature to assist users with severe communication barriers.""",1,sign language
"""The term 'visually impaired' reflects an older perspective on disability models.""",0,visually impaired
"""The system bridges communication gaps between the disabled and non-disabled participants.""",1,the disabled
"""The system compensates for the limitations faced by cognitively challenged participants.""",1,challenged
"""The system ensures a deaf person is not entirely excluded from group activities.""",1,deaf person
"""Our findings emphasize the critical role of inclusive practices in supporting persons with disabilities.""",0,persons with disabilities
"""The program simplifies tasks for hard of hearing users, acknowledging their inability to process audio.""",1,hard of hearing
"""Our findings highlight the importance of establishing a sense of normal in inclusive learning environments.""",0,normal
"Additionally, unlike non-esports games, esports involves competition through gaming, which means that unconditional assistance for players with disabilities can evoke a sense of unfairness among able-bodied players.",1,able-bodied
"""The findings suggest that spastic conditions require unique approaches in ergonomic design.""",0,spastic
"""Our research focuses on improving accessibility for hunchbacks in public spaces.""",1,hunchback
"""The training module is based on scenarios typical of a retail environment.""",0,typical
"""Autism Spectrum Disorder is characterized by a wide range of behaviors and communication challenges.""",0,disorder
"In addition, the state of art displaying positions on the navigational interfaces has not taken into consideration the needs of people with mental disabilities.",0,mental
"""The term 'able-bodied' is discussed in the context of its implications for inclusive design.""",0,able-bodied
"""Simple tasks were given to those who were unable to follow the more challenging ones.""",1,simple
"""The character of the hunchback in this play represents a broader critique of societal judgment based on appearances.""",0,hunchback
"""This feature supports the user in visualizing whole objects in a simplified format.""",0,whole
"However, in Hong Kong, it takes years for special education needs coordinators (SENCOs) and special-ed teachers to pre-screen and diagnose students with SLDs.",1,special
"""Our program addresses the unique learning needs of children with autism in classroom settings.""",1,children with autism
"""Our results challenged traditional views on the capabilities of assistive technology users.""",0,challenged
"""The program challenged conventional approaches to assistive technology design.""",0,challenged
We conducted participatory design with a deaf-blind person and describe the lessons learned about designing an interface for a deaf-blind person.,0,blind person
"""Our analysis critiques the negative framing often associated with the term 'illiterate.'""",0,illiterate
"""The report critiques how 'illiterate' is often used in ways that stigmatize individuals.""",0,illiterate
"""The program provides customized exercise routines tailored for paraplegic athletes.""",0,paraplegic
"""This paper critiques the use of 'hearing-impaired' as an outdated term in modern accessibility contexts.""",0,hearing-impaired
"""The interface was initially tested on users with typical cognitive abilities.""",1,typical
"Once clinically validated, we hope these approaches will enable accurate mapping of visual distortion and eventually lead to the development of ‘digital glasses’ capable of correcting the effects of metamorphopsia and restoring healthy vision.",0,healthy
"""Handicapped participants required more time to complete tasks in the study.""",1,handicapped
"""The term 'visually impaired' is referenced in this paper for historical context only.""",0,visually impaired
"""The study highlights the barriers faced by individuals with deficient communication skills.""",1,deficient
"""The findings highlight the deficits experienced by individuals with deficient comprehension skills.""",1,deficient
"""The paper discusses how 'impairments' fails to capture the complexity of individual experiences.""",0,impairments
"""The app’s development challenged traditional methods of designing for inclusivity.""",0,challenged
"In this preliminary work, we explore the utility of a simple haptic web-browsing interface -- tactile overlays, and report on a preliminary user study with 10 blind participants who performed various web-browsing tasks with and without these overlays.",0,simple
"""The paper critiques how 'hearing-impaired' as a label perpetuates a deficit-based view of hearing loss.""",0,hearing-impaired
"Can speech recognition (SR) technology successfully digitize lectures to display spoken words as text in university classrooms?2) Can speech recognition technology be used successfully as an alternative to traditional classroom notetaking for persons with disabilities?This paper addresses these intriguing questions and explores the underlying complex relationship between speech recognition technology, university educational environments, and disability issues.",0,persons with disabilities
"""Our findings focus on reducing response time during epileptic emergencies through smart devices.""",0,epileptic
The results indicate an increase in communicative behaviours for both verbal and non-verbal participants.,1,non-verbal
"""The phrase 'people of all abilities' was commonly used but is now being reconsidered in favor of inclusive language.""",0,people of all abilities
"""The findings highlight the role of crip theory in challenging traditional design paradigms.""",0,crip
"""Our findings show that operations bound by constraints can improve system efficiency.""",0,bound
"""Patients frequently require customized solutions to compensate for their limitations.""",1,patient
"""The program offers modules tailored for children with autism to develop language skills.""",1,children with autism
"""The tutorial was simplified for those who cannot understand technical instructions.""",1,simple
"We developed DanceCraft, a whole-body interface to augment dance therapy for children with autism.",1,children with autism
"This report will briefly describe some of the topics to be covered in this new course, how these topics fit within the CS curriculum, sample assignments, and the laboratory equipment used to support demonstrations and assignments.",0,fit
"""Some organizations still use 'visually impaired' in official communications.""",0,visually impaired
"""The prototype works well for those who fit the standard ergonomic guidelines.""",1,fit
"""Our findings discuss the limitations of using broad terms like 'sight-impaired' in accessibility design.""",0,sight- impaired
"""Our findings highlight the challenges sight-impaired individuals face with modern touchscreen interfaces.""",1,sight- impaired
"""The system relies on normal vision and hearing to function effectively.""",1,normal
"""We worked closely with persons with disabilities to ensure the interface meets their requirements.""",0,persons with disabilities
"""This feature was inspired by discussions at the Special Needs Advocacy and Research Forum.""",0,special needs
"However, the process is slow and too often the need is mooted before the content becomes accessible.",0,slow
"This presentation demonstrates a working prototype of the CUbiC Note Taker, which is a highly portable device that allows students who are legally blind to take their own notes in class without any special in-classroom accommodations, and without requiring lecturers to adapt their presentation in any way.",0,special
"""Hunchbacks were common in historical depictions of medieval servants, often exaggerated for dramatic effect.""",0,hunchback
"""The design aims to make complex processes manageable for illiterate users.""",1,illiterate
"""The software alerts caregivers to abnormal movements detected in fall-prone individuals.""",0,abnormal
"""People with abnormal gait patterns were grouped separately for targeted analysis.""",1,abnormal
"""Our study investigates how atypical error rates affect system reliability.""",0,atypical
"In this demo, we present the detection module of the See ColOr (Seeing Colors with an Orchestra) mobility aid for visually impaired persons.",1,visually impaired
"""Our findings highlight how terms like 'handicapped' fail to represent the diversity of experiences within the disability community.""",0,handicapped
"""Adjustments in the workplace can make it easier for the blind person to stay employed.""",1,blind person
"""Participants categorized as hunchbacks were provided additional ergonomic support.""",1,hunchback
"""Our system was designed to address the gap between a deaf person and a hearing person.""",1,deaf person
"""The app provides tools for individuals with abnormal social functioning to improve engagement.""",1,abnormal
"""The product was designed to complement normal habits and routines.""",0,normal
"""Our focus group involved dyslexic participants to test the adaptability of the platform.""",0,dyslexic
"For a deaf or hard of hearing person who does not understand spoken language, following meetings can become confusing if there are too many simultaneous sources of information.",0,hard of hearing
"""The report traces the evolution of terms like 'handicapped' in legal and social policies.""",0,handicapped
This paper presents both a hearing instructor's experiences and a deaf researcher's observations when preparing deaf and hard of hearing students as computer technicians for the hearing work place.,0,hard of hearing
"""Atypical participants often depend on external tools to complete standard workflows.""",1,atypical
"""We designed the app to ensure even a deaf person could use it without difficulty.""",1,deaf person
"""The app offers alternative workflows for users with deficient motor abilities.""",1,deficient
"""A patient’s limited interaction skills require additional guidance and support systems.""",1,patient
"""Advocacy groups recommend using 'autistic children' instead of 'children with autism' to reflect current preferences.""",0,children with autism
"""We observed that non-verbal individuals required more time to understand the tasks.""",1,non-verbal
"""Participants labeled as epileptics were grouped separately for targeted interventions.""",1,epileptic
"""This system enables users to work on the whole document collaboratively.""",0,whole
"""The paper examines how 'sight-impaired' has historically been used in disability discourse.""",0,sight- impaired
"""Our research focuses on addressing the challenges faced by crips in digital interfaces.""",1,crip
"""The term 'homebound' is often associated with older accessibility technologies.""",0,homebound
"""Our research evaluates the use of robotic arms by paraplegic individuals in everyday tasks.""",0,paraplegic
"""Paraplegics required alternative workflows to adapt to the system's complexity.""",1,paraplegic
"""Participants categorized as physically challenged needed simpler workflows to complete the trials.""",1,challenged
"""The term 'sight-impaired' is frequently mentioned in outdated accessibility guidelines.""",0,sight- impaired
The cursor trajectories of six motion-impaired users and three able-bodied users are studied according to their submovement structure.,1,able-bodied
"""Epileptics frequently face social isolation due to misunderstandings about their condition.""",1,epileptic
"""The study segregated individuals with personality disorders to ensure consistent data collection.""",1,disorder
"To tackle the lack of wheelchair service information and training in low and middle-income countries (LMICs), we deployed Wheelpedia, a WhatsApp chatbot powered by a large language model (LLM) as a design probe for 2 months to concretely explore how it can support wheelchair users and professionals in Nigeria and Kenya.",0,wheelchair user
"""The findings indicate that users with atypical neurological patterns face significant barriers.""",1,atypical
"""This app is best suited for users who fit the mold of typical motor skill levels.""",1,fit
"""The study examined the challenges the disabled face in competitive work environments.""",1,the disabled
"""The system targets users with abnormal speech patterns to improve interaction efficiency.""",1,abnormal
"""The phrase 'able-bodied' was included in the original dataset to maintain authenticity.""",0,able-bodied
"""Slow users required more guidance than their faster counterparts.""",1,slow
"Finally, we discuss how social media support dynamics might facilitate reconstructing self-identity, adopting assistive technology, and improving relationships to help adjust to the “new normal.”",0,normal
"""Epileptics often depend on caregivers for assistance during emergency situations.""",1,epileptic
"""The study focuses on how the term 'homebound' has shaped public perceptions of accessibility.""",0,homebound
They either modify the user interface to fit the users' needs or modify the user's interaction with the cursor.,0,fit
"Therefore, we designed a new visualization dashboard for Hong Kong SENCOs and special-ed teachers to assist them in pre-screening students with SLDs.",1,special
"Each speculative study embodies inquiry and futuring, making visible common assumptions about access and exploring how an alternative crip-informed framework can shape designs that foreground the creativity of disabled people.",0,crip
"""Participants with whole capabilities excelled in tasks involving multitasking.""",1,whole
"""The study highlights how technology can improve healthcare outcomes for epileptics.""",1,epileptic
"""Hard of hearing participants consistently underperformed compared to the normal-hearing group.""",1,hard of hearing
"Moreover, having a rough mental map enhanced orientation and confidence when traveling through the&nbsp;museum.",0,mental
The tracking method is based on skin color segmentation and is suitable for recordings of a sign language dictionary.,0,sign language
"In addition to providing opportunities to students, faculty, and caregivers in their efforts to integrate 3D printing in special education settings, our investigation also revealed several concerns and challenges.",1,special
"""This research highlights how 'children with autism' has been traditionally used in program descriptions.""",0,children with autism
"""The historical use of 'able-bodied' reflects outdated views on disability.""",0,able-bodied
"""Our system incorporates feedback rooted in crip activism to ensure inclusivity.""",0,crip
"""This project is dedicated to addressing the challenges faced by persons with disabilities in education.""",0,persons with disabilities
"In response, the blind computer user develops workarounds, strategies to overcome the constraints of a physical and social world engineered for the sighted.",0,the blind
"From our goal to set up an office workspace in a concrete application it becomes clear that we do not only want to enable a blind person to read hypertext-documents but moreover, it must be possible to edit hypertext documents in an easy-to-use on-line fashion.",0,blind person
"""The interface is flexible enough to fit the diverse needs of its users.""",0,fit
"""Spastics often face significant barriers to participating in mainstream activities.""",1,spastic
"""Our design assumes that hard of hearing individuals need additional aids to match the performance of hearing users.""",1,hard of hearing
"Consumer-grade digital fabrication such as 3D printing is on the rise, and we believe it can be leveraged to great benefit in the arena of special education.",1,special
"""This study explores changes in routine as participants navigate their normal daily lives.""",0,normal
"""The paper critiques how terms like 'sight-impaired' fail to capture the full spectrum of visual abilities.""",0,sight- impaired
"""The app includes features tailored specifically for persons with disabilities to compensate for their limitations.""",1,persons with disabilities
"""The study highlights the potential of crip perspectives in reshaping accessibility practices.""",0,crip
"""Our study focuses on improving access to technology for paraplegics.""",1,paraplegic
WWTW presents a whole new set of opportunities for delivering information and services to the visually impaired.,1,visually impaired
We outline the design for a navigation system for the visually impaired and describe the progress we have made toward such a system.,1,visually impaired
"""This system monitors for atypical temperature fluctuations in smart home devices.""",0,atypical
"""The app includes features to support the mental health of users who struggle with auditory tasks.""",1,mental
"""The app integrates features to assist paraplegic individuals in navigating urban spaces.""",0,paraplegic
"""This app supports translation into ASL to accommodate the preferences of the Deaf community.""",0,the deaf
"This paper presents the results of a 3-year study aimed at the development of an assistive technology that is specifically aimed at allowing students with visual disabilities to take handwritten and/or typed notes in the classroom, without relying on any classroom infrastructure, or any special accommodations by the lecturer or the institution.",1,special
"""Non-verbal individuals often experience difficulties in environments that lack adaptive communication tools.""",1,non-verbal
"""This guide discusses why 'able-bodied' is falling out of favor in contemporary discourse.""",0,able-bodied
"""The findings suggest that transitioning away from 'sight-impaired' can foster more inclusive design.""",0,sight- impaired
"""Our findings emphasize the importance of creating tools that fit unique user scenarios.""",0,fit
An  important  finding  is  that  our  evaluation  techniques  of  patient  abilities  tends  to  show  greater  abilities  than  show  in  clinical  testing  These  abilities  can  be  used  in  participatory  design  to  greatly  enhance  the  clinical  outcome.,0,patient
"""Special accommodations were made for a deaf person unable to hear emergency alerts.""",1,deaf person
"""The tool assumes healthy participants have higher cognitive and motor skills.""",1,healthy
"""The architectural term 'hunchbacks' describes load-bearing figures carved into stone structures.""",0,hunchback
"""The term 'impairments' appears in older documents but is now considered outdated by many advocates.""",0,impairments
"""The program revealed significant challenges for non-healthy participants compared to healthy ones.""",1,healthy
"""The term 'handicapped' was historically used to describe individuals with disabilities, but its usage has declined.""",0,handicapped
"""The program was developed with the assumption that patients may have diminished cognitive abilities.""",1,patient
"""Participants categorized as paraplegics required additional support to complete the trials.""",1,paraplegic
"Furthermore, the images resemble those used in printed teaching materials for sign language.",0,sign language
"""The tool simplifies workflows for people of all abilities to ensure ease of use.""",1,people of all abilities
"""Our findings stress the need for designing systems that center the experiences of the disabled community.""",0,the disabled
"""The study explores how atypical weather patterns impact urban planning.""",0,atypical
"""Our system uses machine learning to provide early warnings of epileptic seizures.""",0,epileptic
"""The study highlights barriers faced by hearing-impaired individuals in using traditional communication tools.""",1,hearing-impaired
"""The survey results showed that able-bodied respondents had fewer accessibility concerns.""",1,able-bodied
"""The app was tested extensively with persons with disabilities to ensure usability.""",0,persons with disabilities
"""Our findings highlight the role of 'impairments' in shaping early intervention programs.""",0,impairments
"""The system uses a basic version of sign language to accommodate those with communication deficits.""",1,sign language
"""This study explores the harmful effects of positioning disabled people as deficient.""",0,deficient
"""Activists emphasize the importance of creating inclusive spaces for the disabled.""",0,the disabled
"User testing was carried out, and the two facilities were  found to reduce not only the web page access time but also  the user?s mental workload.",0,mental
"The results show that the system is useful in obtaining information that links geometric shapes, contents, and locations to then build a rough mental map.",0,mental
"However,  today's  browsers  are  primarily  graphically  or  text  oriented,  which  makes  the  whole  system  inaccessible  to  sight- impaired  users.  ",1,sight- impaired
"""Whole participants required fewer modifications to complete the tasks.""",1,whole
"""Handicapped participants often rely on visual aids to navigate complex interfaces.""",1,handicapped
"""The study employed simple problem-solving exercises for participants with limited skills.""",1,simple
"""The app is not ideal for users who don’t fit the typical typing speed profile.""",1,fit
"Results showed similar error performance between modes for all measures, indicating that the vibro-audio interface is a viable multimodal solution for providing access to dynamic visual information and supporting accurate spatial learning and the development of mental representations of graphical material.",0,mental
"""Deficient users required simplified instructions to navigate the platform.""",1,deficient
"""The research emphasizes the importance of addressing spastic movement challenges in adaptive technology.""",0,spastic
"""The term 'able-bodied' was used in the historical data set for consistency.""",0,able-bodied
Recent advances in Automatic Speech Recognition (ASR) have made this technology a potential solution for transcribing audio input in real-time for people who are Deaf or Hard of Hearing (DHH).,0,hard of hearing
"""Illiterate participants showed slower completion times compared to literate ones.""",1,illiterate
"""The findings emphasize the importance of collaboration with members of the Deaf community.""",0,the deaf
"""This app provides additional tools for handicapped users to navigate more effectively.""",1,handicapped
"""The program highlights the contributions of the disabled to the development of adaptive technologies.""",0,the disabled
"While researchers have been able to establish that non-visual input is slow and error prone, there is little understanding on how to improve it.",0,slow
"""Wheelchair users were provided with alternative tasks to match their physical abilities.""",1,wheelchair user
"""The term 'deficient' appears in historical texts but is being phased out for more inclusive terminology.""",0,deficient
"Wheelchair users could greatly benefit from this pose information to prevent injuries, monitor their health, identify environmental accessibility barriers, and interact with gaming and VR experiences.",0,wheelchair user
"""Patients often face challenges that limit their ability to use traditional interfaces effectively.""",1,patient
"""The study highlights the challenges hunchbacks face in using traditional office furniture.""",1,hunchback
"""Transportation systems must be adapted for the blind.""",1,the blind
"A range of potential cursor measures was applied, and a number of them were found to be significant in capturing the differences between able-bodied users and motion-impaired users, as well as the differences between a haptic force feedback condition and a control condition.",1,able-bodied
"""Atypical participants were grouped separately to assess their unique interaction needs.""",1,atypical
"""A deaf person provided valuable feedback during the prototyping phase of the project.""",0,deaf person
"""This research highlights how framing someone as deficient undermines their agency.""",0,deficient
In this experience report we describe the accessibility challenges that deaf and hard of hearing committee members faced while collaborating with a larger group of hearing committee members over a period of 2½ years.,0,hard of hearing
"""The app uses AI to identify atypical patterns in user interactions for improved customization.""",0,atypical
"""Paraplegics rely heavily on automated systems to accomplish basic activities.""",1,paraplegic
"""Handicapped users were grouped separately during testing for targeted analysis.""",1,handicapped
"In collaboration with NGOs dedicated to supported employment programs, a novel Context-Aware Task Prompting system (CATPro) is presented in this research to increase work and life independence for cognitive-impaired patients such as people with traumatic brain injury, cerebral palsy, mental retardation, schizophrenia, dementia, and Alzheimer's disease.",1,mental
"Conditions such as Parkinson's disease (PD), a chronic neurodegenerative disorder which severely affects the motor system, will be an increasingly common problem for our growing and aging population.",0,disorder
"""Abnormal wear and tear in machinery is identified early through predictive maintenance tools.""",0,abnormal
"""The device was adapted for persons with disabilities to make it easier for them to use.""",1,persons with disabilities
"""The system’s primary focus is assisting patients who cannot keep up with regular workflows.""",1,patient
"""The paper critiques how the term 'sight-impaired' can oversimplify the diverse needs of individuals.""",0,sight- impaired
In this paper we present the results of a study designed to evaluate the computer-based methods of learning American Sign Language (ASL).,0,sign language
"""Our study explores the impact of atypical resource allocation on project outcomes.""",0,atypical
"""The program aims to provide support for dyslexics in academic environments.""",1,dyslexic
"""Non-verbal individuals often face challenges in expressing their thoughts effectively.""",1,non-verbal
"""The International Conference on Computers Helping People with Special Needs has been a landmark event in accessibility research.""",0,special needs
"""Our research explores how crips adapt to technology in high-pressure environments.""",1,crip
"""The term 'hearing-impaired' was commonly used in accessibility research prior to its critique by advocates.""",0,hearing-impaired
"""Homebound participants often struggle with limited access to community resources.""",1,homebound
"""The program identifies abnormal weather patterns to assist in disaster preparedness.""",0,abnormal
"This paper developed and evaluated a prototype system that estimates types of ground surfaces by applying supervised learning techniques to activity sensing data of wheelchair users recorded by a three-axis accelerometer, focusing on knowledge extraction and visualization.",0,wheelchair user
Many students with visual impairments (VIs) study in public schools instead of special education programs.,1,special
"""Our findings emphasize the importance of community support for those with social anxiety disorder.""",0,disorder
"""Sign language users faced significant challenges due to their reliance on nonverbal methods.""",1,sign language
"""This research highlights the contributions of crip perspectives to accessibility advocacy.""",0,crip
Stuttering is a speech disorder which impacts the personal and professional lives of millions of people worldwide.,0,disorder
"""The tool was created to help the deaf overcome barriers in accessing online content.""",1,the deaf
"Therefore, we suggest two well-known methods, focus groups and online studies, as a two-way information exchange between research and the Deaf community.",0,the deaf
"""This tool was tailored to accommodate the unique physical needs of hunchbacks.""",1,hunchback
"""Our system reduces the cognitive load for users with spastic conditions during multitasking.""",0,spastic
"""Our findings analyze how the term 'children with autism' influences public perceptions of inclusivity.""",0,children with autism
"""A simple interface was introduced for users unable to handle more advanced designs.""",1,simple
"""Our findings highlight the role of atypical data distributions in statistical modeling.""",0,atypical
"""This tool tracks wheelchair performance to assist paraplegic athletes in optimizing speed.""",0,paraplegic
"""The study highlights the importance of involving dyslexic individuals in the development process.""",0,dyslexic
"""Hard of hearing individuals were grouped separately because their impairments limited their participation.""",1,hard of hearing
"""The app’s visual-first design was introduced to accommodate the deaf.""",1,the deaf
"The DARE index is a benchmarking tool, for disability advocates, governments, civil society, international organizations and policy makers to trace country progress in making Information and Communication Technologies (ICT) accessible for all, in compliance with Article 9 of the Convention on the Rights of Persons with Disabilities (CRPD).",0,persons with disabilities
"""Our findings focus on improving technology to detect epileptic seizures in real-time.""",0,epileptic
"""Non-verbal users often rely on visual aids to overcome their limitations in spoken communication.""",1,non-verbal
"""The findings emphasize the need to move away from deficit-focused terms like 'impairments.'""",0,impairments
"""We developed the system to prioritize spoken interactions, with sign language as a secondary feature.""",1,sign language
"""This tool helps persons with disabilities overcome their limitations in navigating public spaces.""",1,persons with disabilities
This paper reports an eye-tracking experiment conducted to compare alternative representations of directories typically shown on web pages in search of a best representation for deaf persons.,0,deaf person
"""Our study examines how virtual reality supports paraplegic users in pain management.""",0,paraplegic
"We found that the majority of participants in this study preferred a compact device that looks most similar to a normal pair of glasses, preferred buttons as an inconspicuous mode of interaction, and are willing to carry support devices up to the size of a tablet to increase the functionality of the device.",0,normal
"""The system was developed to support homebound individuals in accessing healthcare services.""",1,homebound
"""The app allows users to manage documents that are bound within shared repositories.""",0,bound
"""The training manual was simplified for use by a deaf person unfamiliar with technology.""",1,deaf person
"""Wheelchair users may struggle to use the device as effectively as others.""",1,wheelchair user
"""A deaf person’s challenges with communication can be mitigated using our tool.",1,deaf person
"""Our findings show that users with social anxiety disorders are less likely to complete tasks.""",1,disorder
"""The study separated chair-bound and non-chair-bound participants for targeted analysis.""",1,bound
"Therefore, many students with SLDs missed the golden time for special interventions (i.e., before six years old).",0,special
"The participants were asked to identify simple geometric figures such as lines, rectangles, circles, and triangles that are the basic building blocks of any GUI interface.",0,simple
"""The study highlights why the term 'illiterate' is less preferred in modern discussions on literacy.""",0,illiterate
"The lack of attention to race as a construct in accessibility research presents an oversight in our field, often systematically eliminating whole areas of need and vital perspectives from the work we do.",0,whole
"""Patients were provided with alternative workflows to manage their reduced efficiency.""",1,patient
"""Participants using sign language often required additional help to understand the task.""",1,sign language
"""This feature enables users to rely on non-verbal cues for hands-free navigation.""",0,non-verbal
"""This tool analyzes data to provide better insights into epileptic seizure patterns.""",0,epileptic
"""We provided a simple version of the task for participants with minimal literacy skills.""",1,simple
The study also showed that the blind reviewer is able to do simple editing tasks independently with our workstation.,0,the blind
"Advancements in AI will soon enable tools for providing automatic feedback to American Sign Language (ASL) learners on some aspects of their signing, but there is a need to understand their preferences for submitting videos and receiving feedback.",0,sign language
"""The research discusses how new accessibility standards redefine normal for all users.""",0,normal
"""The study focuses on improving outcomes for deficient learners in online environments.""",1,deficient
"""Our research highlights the barriers faced by people with special needs in using public services.""",1,special needs
"Recent research has investigated automatic methods for identifying how important each word in a text is for the overall message, in the context of people who are Deaf and Hard of Hearing (DHH) viewing video with captions.",0,hard of hearing
"""Simplified input methods were created specifically for patients who may have limited motor skills.""",1,patient
"""The app’s features were optimized for regular users, with add-ons for slow individuals.""",1,slow
"""The term 'illiterate' was used in the original data set for historical accuracy.""",0,illiterate
"""Our research leverages crip technoscience to rethink traditional design frameworks.""",0,crip
"""This system converts ambient sounds into visual signals, enhancing the environment for a deaf person.""",0,deaf person
"""This study examines the implications of labeling conditions as 'impairments' in education.""",0,impairments
This paper describes a therapeutic full-body controlled video game for children with attention deficit / hyperactivity disorder (ADHD).,0,disorder
"""The blind person often struggles to adapt to modern technology without assistance.""",1,blind person
"""Our study explores how components bound within modular systems enhance usability.""",0,bound
"""People with abnormal social behaviors require additional accommodations for effective participation.""",1,abnormal
"""The app features shortcuts tailored for wheelchair users who may find full functionality overwhelming.""",1,wheelchair user
"""Able-bodied respondents expressed higher satisfaction with the app’s usability.""",1,able-bodied
"In this paper, optimized communication interfaces in which users select phonemes (sounds) instead of letters or whole words are presented and evaluated.",0,whole
"In those systems, simple devices like screen readers, braille output and speech synthesizers were effective.",0,simple
A  study  was  carried  out  in  order  to  assess  the  impact  of  certain  issues  on  the  usability  of  a  typical  speech  adaptation.,0,typical
"""The focus group included feedback from a blind person to ensure inclusivity.""",0,blind person
"Finally, the projected constraints are resolved for the search of best repainting of the document that most successfully presents to the colorblind person the color effects experienced by the normal vision person on the original document.",1,normal
"""The app was developed to bridge the gap for individuals with mental disabilities.""",1,mental
"""The discussion highlights why 'people of all abilities' is considered outdated in modern discourse.""",0,people of all abilities
"""Bed-bound users were grouped separately to evaluate their interaction patterns.""",1,bound
"""Participants categorized as slow were excluded from the advanced testing group.""",1,slow
"""The sculpture series, titled 'Hunchbacks of Strength,' pays tribute to the overlooked resilience of marginalized figures.""",0,hunchback
"""The study compared the hearing and the deaf to determine differences in reaction times.""",1,the deaf
"""The study revealed significant gaps between whole users and those with impairments.""",1,whole
"""This app promotes a healthy lifestyle by encouraging regular physical activity.""",0,healthy
"""Participants from the disabled group needed extended time to adapt to the new interface.""",1,the disabled
"""This app assumes that illiterate users will rely on icons rather than textual information.""",1,illiterate
"""Our findings highlight the dependency of homebound individuals on assistive technologies.""",1,homebound
"""Hard of hearing users face deficits that the system seeks to mitigate through alternative workflows.""",1,hard of hearing
"""Our findings highlight the difficulties handicapped users face in navigating public spaces.""",1,handicapped
"""We prioritized designs for users who fit the typical attention span range.""",1,fit
We found that 3D design and printing performs three functions in special education: developing 3D design and printing skills encourages STEM engagement; 3D printing can support the creation of educational aids for providing accessible curriculum content; and 3D printing can be used to create custom adaptive devices.,1,special
"""Programs for the blind person should emphasize overcoming their inherent difficulties.""",1,blind person
"""The findings suggest that mindfulness exercises can improve focus in children with autism.""",1,children with autism
"""Our research focuses on addressing the deficits of individuals with abnormal sensory integration.""",1,abnormal
"In this work, we adopt a constructive visualization framework of using simple and versatile tokens to engage non-experts in the construction of tactile data representations.",0,simple
An overview of an experimental prototype is provided along with the key findings from an evaluation conducted with fifteen wheelchair users at a public library and heritage centre.,0,wheelchair user
"""Able-bodied participants completed the obstacle course in less time than those with impairments.""",1,able-bodied
"""The platform provides additional resources for those with special needs to ensure inclusivity.""",1,special needs
A rule-based program was written in Prolog to give advice about how to configure a computing system for users who have special needs.,1,special needs
"""Simple methods were emphasized for participants who showed limited ability to adapt.""",1,simple
"""The app assumes that hard of hearing users cannot adapt to auditory-heavy interfaces.""",1,hard of hearing
"""The paper critiques the deficient framing of disabled people in traditional narratives.""",0,deficient
"""Our findings examine how the label 'illiterate' has impacted educational policy over time.""",0,illiterate
"""The application mimics typical use cases found in professional settings.""",0,typical
"""Participants labeled as crips needed additional accommodations during trials.""",1,crip
"""The app provides simplified workflows for individuals with motor impairments.""",1,impairments
User testing with nondisabled users suggests that we have designed and built an eye-cursor and eye drawing control system that can be used by almost anyone with normal control of their eyes.,1,normal
"""This platform provides special settings for users working under unique conditions.""",0,special
"""Advocates highlight the importance of moving away from terms like 'visually impaired.'""",0,visually impaired
"""Deficient participants often rely on assistive technologies to complete daily tasks.""",1,deficient
"""Advocates recommend retiring terms like 'handicapped' in favor of people-first language.""",0,handicapped
"""The platform offers limited features for individuals with anxiety disorders, given their limited engagement.""",1,disorder
"""Programs for a deaf person must prioritize visual over auditory engagement.""",1,deaf person
"""The disabled often face challenges in adapting to new technologies, making usability testing crucial.""",1,the disabled
The two studies conducted with able-bodied and motor-impaired users showed that subjects performed better with SmartKey than with traditional virtual keyboard.,1,able-bodied
"""The disabled often depend on assistive technologies to manage daily tasks.""",1,the disabled
"""The platform uses machine learning to flag abnormal behavior in cybersecurity logs.""",0,abnormal
"""The study highlights barriers faced by non-verbal individuals in technology adoption.""",1,non-verbal
"""Illiterate participants required additional guidance to complete the instructions.""",1,illiterate
"""Our findings highlight how sensors can track abnormal temperature fluctuations in healthcare settings.""",0,abnormal
"""The program encourages users to engage in healthy recreational activities.""",0,healthy
This device has a patient-centered design that is evidence-based and was derived from a series of collaborations with cardiologists at Rush University Medical Center.,0,patient
"""The app supports sight-impaired individuals in learning to use new digital devices.""",1,sight- impaired
"Following expert directives, our system helps children to categorize elementary perception (strong, smooth, quick, slow, big, small...).",0,slow
"""Our findings highlight the shift away from viewing disabled individuals as deficient.""",0,deficient
"""Our approach ensures the user can navigate the whole interface seamlessly.""",0,whole
"""Sign language is used as a workaround for those who can’t use traditional communication methods.""",1,sign language
"""The phrase 'children with autism' was used in earlier iterations of this program’s documentation.""",0,children with autism
"""Our guidelines recommend replacing phrases like 'people of all abilities' with more precise language.""",0,people of all abilities
"""The system was created to address the deficits of hearing-impaired users in online learning.""",1,hearing-impaired
"""The program worked well for individuals with typical language processing abilities.""",1,typical
"""Participants with impairments often lag behind their peers in task completion rates.""",1,impairments
"""This accessibility feature was inspired by suggestions from a blind person in our focus group.""",0,blind person
"""Our findings emphasize the benefits of working with whole datasets for accuracy.""",0,whole
In the current work we are developing a tonally based mechanism that allows the visually handicapped user to navigate through the same complex hierarchical menu structures used in the GUI.,1,handicapped
They replace the complex and error prone syntax of textual languages with simple shape cues that show how program elements can be combined.,0,simple
"""Our findings suggest that non-verbal individuals benefit more from highly simplified interfaces.""",1,non-verbal
"We found that young adults want to develop social skills of such as playing sports or learning languages, but that leveraging social media participation to do this goes beyond their typical use, and requires both collaborative support and accessible design.",0,typical
"""The app offers simplified features to help the disabled navigate digital spaces more easily.""",1,the disabled
"""The findings challenged conventional assumptions about accessibility in technology design.""",0,challenged
"""The research highlights the unique needs of chair-bound users in using adaptive devices.""",1,bound
"""The exercise routines were originally developed for able-bodied individuals.""",1,able-bodied
"From our findings we discuss why it is difficult for a blind person to navigate like a sighted person to ensure designers are aware of the difficulties and designing with new training in mind, not simply designing from their own point of view.",0,blind person
"Using Internet Archive's Wayback Machine, a random sample of websites from 1997-2002 were retrospectively analyzed for effects that technology has on accessibility for persons with disabilities and compared to government websites.",0,persons with disabilities
"""Epileptics were unable to complete tasks that required prolonged focus due to their condition.""",1,epileptic
"""The app includes features specifically designed for spastics to improve usability.""",1,spastic
"""The software was designed to handle interruptions typical in a work environment.""",0,typical
"""The design addresses the needs of non-verbal individuals who cannot engage in spoken interaction.""",1,non-verbal
"""The app aims to celebrate the diversity and resilience of the disabled community.""",0,the disabled
"""Our findings critique the overuse of 'homebound' in accessibility-related government reports.""",0,homebound
"The participant strongly demanded to improve the low accuracy and the slow software keyboard typing, and the poor understanding of the shape of the picture.",0,slow
"""This guide explains why 'hearing-impaired' is no longer considered appropriate in advocacy work.""",0,hearing-impaired
"""Our research highlights the limitations of terms like 'homebound' in modern accessibility design.""",0,homebound
"""This study explores how children with autism adapt to collaborative virtual environments.""",1,children with autism
A controlled study (N=10) conducted at the Indiana School for the Blind and Visually Impaired compared topic- and list-based back to traditional back mechanisms while participants completed fact-finding tasks.,0,the blind
"""This study examines how wearable devices help children with autism manage stress.""",1,children with autism
"""We developed tools specifically for the deaf to reduce their dependency on interpreters.""",1,the deaf
"""Our findings highlight the challenges faced by children with autism in noisy public spaces.""",1,children with autism
"""Our study recommends retiring terms like 'homebound' in favor of more inclusive language.""",0,homebound
"""Hunchbacks often experience difficulty in settings that require prolonged standing.""",1,hunchback
"""The avatar only translates basic instructions into sign language since complex gestures are unnecessary.""",1,sign language
"""The app addresses the needs of users with abnormal motor coordination.""",1,abnormal
Offering virtual remote office hours would benefit disabled and non-handicapped students and faculty alike.,1,handicapped
"""We designed the interface for patients who may not possess the technical skills of regular users.""",1,patient
"""Our findings reveal how spastic movement patterns can influence interaction with VR systems.""",0,spastic
"""Individuals with normal motor skills were able to complete the task faster.""",1,normal
"""The system compensates for the challenges epileptics face in maintaining a routine.""",1,epileptic
"""Participants with physical impairments struggled to complete the tasks within the allotted time.""",1,impairments
"Through a questionnaire and discussion of photos with participants, we found that our solution provides a valuable mechanism for building understanding of ICV for people with typical colour vision.",1,typical
"However, traditional techniques of providing this information to individuals who are visually impaired are cumbersome and slow.",1,slow
"""Our discussion highlights the reasons for moving away from terms like 'handicapped' in advocacy work.""",0,handicapped
"""People with behavioral disorders are often unable to engage in collaborative activities.""",1,disorder
"""The term 'people of all abilities' is analyzed for its impact on disability representation.""",0,people of all abilities
"""The app was designed to support crips in achieving greater independence.""",1,crip
"""The paper explores how crip perspectives enhance participatory design processes.""",0,crip
"""The app adapts to atypical usage behaviors, enhancing user experience across demographics.""",0,atypical
"""The report discusses how 'deficient' is often a reflection of systemic barriers, not personal shortcomings.""",0,deficient
"""The program compensates for the challenges faced by atypical individuals in workplace settings.""",1,atypical
"""The system bridges the gap for socially challenged individuals in public communication.""",1,challenged
"Limb repositioning is particularly valuable for individuals with physical disabilities who are either bed or chair-bound, to help reduce the occurrence of contractures and pressure ulcers.",1,bound
"""Our findings suggest that illiterate users benefit from audio-over-text solutions.""",1,illiterate
This paper reports the challenges faced when developing a device for this patient group and environment.,0,patient
"Adults with autism spectrum disorder (ASD) face daily challenges dealing with stress, for example, at work, or in public spaces, which can be overwhelming in terms of coping with sensory overload.",0,disorder
"We prioritize simple, immediate solutions that maximize the use of residual vision, diverging from conventional assistive technologies that rely on auditory or tactile feedback.",0,simple
"""Our findings emphasize the importance of inclusive design for paraplegic accessibility.""",0,paraplegic
"""Hunchbacks, as used in folklore, often symbolize resilience and wisdom in overcoming challenges.""",0,hunchback
"""Our findings emphasize the importance of addressing the special needs of people with disabilities.""",1,special needs
"Unlike most auditory games for the blind, which typically use screen readers, we made high quality voice recordings of the entire user interface for our game.",1,the blind
"The system detects the patient’s posture in real time based on IMU, so that the patient can train without supervision.",0,patient
"""The app simplifies daily tasks for homebound individuals who cannot leave their residences.""",1,homebound
"""Our research highlights the challenges faced by individuals with atypical social behaviors.""",1,atypical
"Through a real-world user study with six wheelchair users, we found Embodied Exploration&nbsp;is able to facilitate remote and accurate accessibility assessment.",0,wheelchair user
"""The app simplifies workflows for paraplegics who struggle with traditional user interfaces.""",1,paraplegic
"""The study evaluates the effectiveness of stress management programs for epileptic individuals.""",0,epileptic
"""The blind person must rely heavily on assistive tools to function independently.""",1,blind person
"""This tool challenges the idea that accessibility features must compromise aesthetics.""",0,challenged
"""We presented the findings at the Special Needs Accessibility and Inclusion Workshop.""",0,special needs
"""Sign language was added to accommodate participants who could not understand audio cues.""",1,sign language
"We have designed a virtual coach system, in which an animated character engages users in simulated face-to-face conversation to provide health education and motivate healthy behavior.",0,healthy
"""Our findings suggest that atypical spending behaviors can indicate fraud in financial systems.""",0,atypical
"The so-called Walker is able to autonomously drive to patients and then changes into a more traditional walking-frame, i.e. one that has to be pushed by the patient, but it can still help by giving navigation instructions.",0,patient
"""We compared the performance of users with disabilities to those with normal abilities.""",1,normal
"""Our findings emphasize the challenges faced by hard of hearing users, who need constant support to succeed.""",1,hard of hearing
"Our findings show that users improve over time, even though it is at a slow rate (0.3 WPM per week).",0,slow
"""Simple instructions were provided to accommodate those with limited problem-solving skills.""",1,simple
"""The app includes pictorial aids to accommodate the needs of illiterate users.""",1,illiterate
"The Tapulator, a complete calculator based on this non-visual numeric entry that uses simple gestures for arithmetic operations and other calculator actions is described.",0,simple
"""Subjects with typical physical endurance completed the task without interruptions.""",1,typical
"""Wheelchair users frequently require special accommodations to participate in studies.""",1,wheelchair user
"""The system aims to ensure the whole user journey is straightforward and accessible.""",0,whole
"""Non-verbal audio signals were used to guide participants during the experiment.""",0,non-verbal
"""The phrase 'visually impaired' can perpetuate outdated views on disability.""",0,visually impaired
"""Researchers are studying the effects of sleep disorders on cognitive functioning.""",0,disorder
"""The program targets individuals with normal sensory processing abilities.""",1,normal
"""The report examines how terms like 'hearing-impaired' have impacted societal perceptions of hearing loss.""",0,hearing-impaired
"In this paper, we explore the hidden lives of neurodiverse technology workers, e.g., those with autism spectrum disorder (ASD), attention deficit hyperactivity disorder (ADHD), and/or other learning disabilities, such as dyslexia.",0,disorder
"""The program helps users focus on the whole workflow rather than individual components.""",0,whole
"Ongoing work is aimed at facilitating the subsequent verbal interaction by recognizing and interpreting non-verbal communication, including eye contact, facial expressions, emotions, and gestures.",0,non-verbal
"""Thinkers in Disability Studies highlight the diverse experiences within the disabled community.""",0,the disabled
"This paper presents SUITEKeys, a continuous speech understanding interface for motor-control challenged computer users.",1,challenged
"""The system groups users with whole auditory capabilities separately from those with impairments.""",1,whole
"""The app includes special features for speech-challenged users to enhance their communication abilities.""",1,challenged
Automatic speech recognition (ASR) programs that generate real-time speech-to-text captions can be provided as supplemental access technologies for deaf and hard of hearing (DHH) students in higher education classes.,0,hard of hearing
"""The system includes features specifically tailored for the disabled to address their limitations.""",1,the disabled
"""Crips were grouped separately to assess their unique interaction needs with the system.""",1,crip
"""This paper critiques existing tools through the lens of crip theory and disability justice.""",0,crip
We interviewed 8 power wheelchair users about their use of computers and mobile devices.,0,wheelchair user
This paper investigates the challenge of designing accessible data visualizations through the lens of crip technoscience.,0,crip
"""Our research explores how epileptics can benefit from adaptive technologies.""",1,epileptic
"""Our findings emphasize how this system can support people of all abilities in educational settings.""",1,people of all abilities
"""This study critiques the framing of 'homebound' in traditional public health guidelines.""",0,homebound
"""Paraplegics were unable to use the standard tools without modifications.""",1,paraplegic
"""This app aims to help users maintain their normal routines despite mobility challenges.""",0,normal
"""Physically challenged individuals were grouped separately due to their specific needs.""",1,challenged
"""The study highlights the difficulties faced by individuals with abnormal thought processes in digital environments.""",1,abnormal
"""Our app was designed to enhance the quality of life for homebound individuals by providing virtual access.""",1,homebound
"""The study critiques the continued use of terms like 'visually impaired.'""",0,visually impaired
"""The use of 'illiterate' in this study reflects its historical context rather than current preferences.""",0,illiterate
"""The training modules can be modified to fit different learning speeds.""",0,fit
"""The system assumes that the deaf cannot process auditory feedback effectively.""",1,the deaf
"""Our program focuses on addressing the unique needs of homebound users in accessing technology.""",1,homebound
"""The research highlights how spastic muscle tone can be managed through biofeedback tools.""",0,spastic
"""Our findings show that spastics require more time to complete basic tasks.""",1,spastic
"""The device was optimized for users with typical reaction times.""",1,typical
"""This app analyzes atypical patterns in user feedback to refine product design.""",0,atypical
"""We tailored the app to spoken language users, adding sign language for those unable to adapt.""",1,sign language
"""Our findings show that hard of hearing individuals lag behind in environments that rely on auditory cues.""",1,hard of hearing
"""The design focuses on making tasks feasible for persons with disabilities who might otherwise struggle.""",1,persons with disabilities
"""Our findings are based on real-world experiences shared by dyslexic community members.""",0,dyslexic
"""The tool allows users to manipulate the whole dataset with minimal effort.""",0,whole
"""We included dyslexic voices in our research to promote inclusivity and relevance.""",0,dyslexic
"Yet, the use of technology in creative sound activities by people who are deaf, Deaf, and hard of hearing (DHH) has been underexplored by the research community.",0,hard of hearing
"It was designed through a set of participatory sessions with visually impaired children and their educators, and supports math learning through the combination of tangible interaction with haptic and auditory feedback.",1,visually impaired
"""Our app assumes that sign language users cannot engage fully without additional support.""",1,sign language
"The possibility of pre-compensating images in a computer display according to the visual aberrations previously assessed in an optical system (e.g., the computer user's eye) has been confirmed for a simple ""artificial eye"".",0,simple
"""The concept of normal varies widely across different cultures and personal experiences.""",0,normal
"""The device is designed to address the deficits patients often experience in digital interactions.""",1,patient
"""Non-verbal participants required additional support to engage with the interactive system.""",1,non-verbal
"""The study examines the benefits of telehealth systems for managing epileptic conditions.""",0,epileptic
"""Critics argue that 'illiterate' often carries negative connotations that should be avoided.""",0,illiterate
"""Our platform helps the deaf overcome barriers to accessing public services.""",1,the deaf
"""Participants with normal endurance levels performed better in the trials.""",1,normal
"""This analysis traces the historical use of 'hearing-impaired' in disability-related legislation.""",0,hearing-impaired
"""This system helps individuals resume their normal tasks more efficiently after rehabilitation.""",0,normal
"""The term 'illiterate' historically refers to the inability to read and write, though its use is now limited.""",0,illiterate
"""The use of 'able-bodied' in this report aligns with its original context from the 1990s.""",0,able-bodied
"""The research highlights how dietary changes influence epileptic symptom management.""",0,epileptic
Making information more accessible to the disabled has obvious synergistic benefits for non-handicapped people alike as reflected by the importance of the concept of workforce diversification for overcoming unexpected future challenges and potential stumbling blocks.,1,handicapped
"""The app was created to meet the needs of speech-challenged participants.""",1,challenged
"""The program addresses the unique challenges faced by individuals with deficient mobility.""",1,deficient
"""We adjusted the program to cater to the needs of slower individuals.""",1,slow
"""Participants categorized as homebound required additional support to engage in the study.""",1,homebound
"""Only users who fit the typical feedback pattern were able to complete the training effectively.""",1,fit
"""Our research aligns with guidelines established by the Special Needs Support Network.""",0,special needs
"""The app tracks abnormal posture during extended screen time to suggest ergonomic adjustments.""",0,abnormal
"""The prototype was created to support a deaf person in understanding spoken content.""",1,deaf person
"""This study critiques the use of 'able-bodied' as a standard for comparison.""",0,able-bodied
This could prove to be very useful for visually impaired individuals given the common nature of numerical data in everyday settings.,1,visually impaired
"""The discussion emphasizes the need to phase out terms like 'hearing-impaired' in favor of people-first language.""",0,hearing-impaired
"""A deaf person often struggles with tasks that rely heavily on auditory inputs.""",1,deaf person
"""The term 'people of all abilities' is often criticized for being patronizing in discussions about accessibility.""",0,people of all abilities
"With WB audio, individuals with hearing loss exhibit better speech recognition, expend less perceived mental effort, and rate speech quality higher than with NB audio.",0,mental
"""Only basic signs were included in the avatar since sign language is not widely used.""",1,sign language
"""Our study highlights the challenges faced by spastics in using traditional learning tools.""",1,spastic
"""A blind person played a key role in evaluating the accessibility of the system.""",0,blind person
"""The findings suggest that tasks bound to specific criteria reduce cognitive load.""",0,bound
"""Participants with deficient motor skills required additional support during the trial.""",1,deficient
"""The app identifies atypical trends in sales data for better inventory management.""",0,atypical
"""Studies on the use of 'visually impaired' highlight the importance of language inclusivity.""",0,visually impaired
In this paper we present the results of a study designed to evaluate the ability of novices learning sign language to ascertain the details of a particular sign based on video presented on a mobile device.,0,sign language
"""The use of 'handicapped' in early disability studies shaped the trajectory of inclusive design.""",0,handicapped
"""The term 'handicapped' appears in historical legislation but has since been replaced by more empowering terminology.""",0,handicapped
"""Atypical learners often struggle to adapt to traditional educational tools, necessitating modifications.""",1,atypical
"""The phrase 'homebound' frequently appears in outdated documentation on telepresence.""",0,homebound
"""The term 'handicapped' is rarely used today due to its associations with outdated perspectives.""",0,handicapped
"""Wheelchair users often need specialized tools to perform basic functions effectively.""",1,wheelchair user
"""The term 'children with autism' is often used but is being replaced by 'autistic children' in modern discourse.""",0,children with autism
"""The software assumes the user has normal vision for optimal performance.""",1,normal
"""The curriculum was designed to cater to the needs of dyslexics in primary schools.""",1,dyslexic
"""The International Day of Special Needs Advocacy highlights the importance of inclusive design.""",0,special needs
"""Participants with abnormal behavior patterns needed additional guidance during testing.""",1,abnormal
"In this work, we present a platform designed for children with Autism Spectrum Disorder to develop language and generalization skills, in response to the lack of applications tailored for the unique abilities, symptoms, and challenges of the autistic children.",1,disorder
"""Our findings discuss the limitations of using 'impairments' to describe diverse experiences.""",0,impairments
"""The tool simplifies workflows for homebound individuals with mobility challenges.""",1,homebound
"Study 2 (N=14 blind or visually impaired participants) found that single-motor feedback with four motors was faster, more accurate, and most preferred compared to similar feedback with eight motors.",1,visually impaired
"""The term 'handicapped' is considered obsolete in modern accessibility standards.""",0,handicapped
"""The application is designed for individuals with normal physical and cognitive functions.""",1,normal
"""The device was adapted for wheelchair users who might struggle with conventional designs.""",1,wheelchair user
"""Hunchbacks often face mobility challenges that this tool aims to address.""",1,hunchback
"""A blind person is dependent on tactile and auditory aids for most of their activities.""",1,blind person
"""This study examines how wearable devices support the management of epileptic conditions.""",0,epileptic
"""The use of 'homebound' in design literature has decreased as language evolves toward inclusivity.""",0,homebound
"""Programs for a deaf person must focus on overcoming their auditory limitations.""",1,deaf person
"""Wheelchair users often rely on external assistance to navigate complex environments.""",1,wheelchair user
"""Our findings critique the framing of 'children with autism' in traditional medical models.""",0,children with autism
"""This analysis critiques the persistence of 'impairments' in legacy policy frameworks.""",0,impairments
"This approach could make computer labs with expensive software not only accessible to the disabled, but instead, to everyone around the clock while saving money, which is still being spent to pay lab supervisors to keep the labs open for a few hours without losing---but instead---gaining functionality.",1,the disabled
"""The design caters to the limitations of users with cognitive and mental disorders.""",1,mental
"The user quickly specifies an approximate position by referring to the ghost cursor nearest the desired position, and then uses non-verbal vocalizations to move the ghost cursors continuously until one is on the desired position.",0,non-verbal
"""Chair-bound individuals were provided with alternative workflows to improve accessibility.""",1,bound
"""The app acknowledges the inherent challenges hard of hearing users face in adapting to real-time systems.""",1,hard of hearing
"""We discuss why 'handicapped' has been replaced by more inclusive language like 'persons with disabilities.'""",0,handicapped
"""Our program focuses on designing tools for sight-impaired users to enhance their independence.""",1,sight- impaired
"The term 'hunchbacks' historically referred to individuals with visible spinal curvature, but it is now considered outdated and inappropriate.""",0,hunchback
"In special education under the guidance of a teacher, we use a Zigbee sensor network to assist a 9-year-old child with toilet training.",1,special
"""The findings underscore the role of community support in building healthy habits.""",0,healthy
"""We developed simple games for users who might struggle with more complex mechanics.""",1,simple
"""The app includes features specifically designed for sight-impaired users to navigate online content.""",1,sight- impaired
"""We collaborated with members of the disabled community to develop the training modules.""",0,the disabled
They are used to generate a repainted document that let the colorblind enjoy similar color effects that normal color vision person does for the original document.,0,normal
This study focuses on the use of web accessibility software by people with cerebral palsy performing three typical user tasks.,1,typical
"""The system is optimized for individuals with special needs to perform basic tasks.""",1,special needs
"Performance of the system was assessed using a survey knowledge task in which participants were exposed to three different cue combinations: audio only, audio with haptic cues provided by the tablet--s built-in vibrational motor (built-in tactile), and audio with haptic feedback provided by special vibrating rings worn on two fingers (stereo-tactile).",0,special
"Results from the second study confirm that captioning online videos makes the Internet more accessible to the deaf users, even when the captions are automatically generated.",0,the deaf
"""The system bridges the gap between the hearing and the deaf in professional settings.""",1,the deaf
"""The findings suggest that the disabled perform better with adaptive interfaces.""",1,the disabled
"""The program was designed to address the unique needs of individuals with impairments.""",1,impairments
"With the quickly increasing of the deaf community, how to communicate with the hearing persons is becoming a serious social problem.",0,the deaf
"""The report traces the origins of the term 'sight-impaired' in early design frameworks.""",0,sight- impaired
"""Our findings suggest that epileptics rely heavily on assistive technologies for independence.""",1,epileptic
The use of modern computers by the visually handicapped has become more difficult over the past few years.,1,handicapped
"""The device bridges the gap between hearing and hearing-impaired users in public spaces.""",1,hearing-impaired
"""The findings emphasize the deficits experienced by epileptics in healthcare accessibility.""",1,epileptic
"We refine our insights into lessons learnt from this process, outlining implications for policy makers, researchers and designers, academic community, as well as for the disabled community.",0,the disabled
"""The app prioritizes ease of use for the disabled, addressing their specific challenges.""",1,the disabled
"""This paper critiques the use of 'children with autism' as a descriptor in therapy-focused research.""",0,children with autism
"""Our study discusses the shift from using 'illiterate' to more nuanced descriptors of literacy.""",0,illiterate
"""Our findings were shared during the International Special Needs Technology Summit.""",0,special needs
"""The training modules are optimized for individuals who fit the standard educational background.""",1,fit
"""The paper critiques how phrases like 'people of all abilities' can unintentionally perpetuate stereotypes.""",0,people of all abilities
"""Slow individuals often face challenges in fast-paced environments.""",1,slow
"""The term 'illiterate' is addressed in our paper to trace its historical usage.""",0,illiterate
"""Our findings highlight the unique challenges of individuals with mental disabilities in public spaces.""",1,mental
"In the era of ubiquitous information technologies shaping our everyday lives, the advancements of technologies ‘for the deaf’ have provided significant access for deaf users not only for participation in hearing-dominated environments but also within deaf communities.",0,the deaf
"""The system tracks hunchbacks to study the long-term effects of poor posture.""",1,hunchback
"""The app includes sign language only for those who cannot process text-based instructions.""",1,sign language
"""Paraplegics were excluded from some tests due to their limited range of motion.""",1,paraplegic
"Gesture typing outperformed the typical tap typing for older adults, and was very easy for them to learn.",0,typical
"""The phrase 'visually impaired' was commonly used in earlier research but is now considered outdated.""",0,visually impaired
"""The system offers basic functionality for hard of hearing users, who often cannot use advanced features.""",1,hard of hearing
"""The app reduces anxiety for children with autism during transitions between activities.""",1,children with autism
"""The system compensates for the challenges paraplegics face in navigating public spaces.""",1,paraplegic
"""Mental illness often limits users’ ability to engage fully with traditional systems.""",1,mental
Members of this community access online sign language (SL) content posted on video sharing sites to stay informed.,0,sign language
"In  order  to  determine  the  usability  of  such  a device  and  to  have  a better  understanding  of  the  issues  that  may  arise  when  manipulating  it  for  actual  interactive  tasks,  two  visually  handicapped  persons  were  asked  to  use  the  device  to  follow reading  patterns with  one  or  two  hands.  ",1,handicapped
"""The accessibility team consulted dyslexic users to enhance the readability of the interface.""",0,dyslexic
"""The system's design favors users with whole mental processing abilities.""",1,whole
"""The program addresses the deficits paraplegics face in engaging with traditional sports.""",1,paraplegic
"""This project prioritizes non-verbal interaction to support users with diverse needs.""",0,non-verbal
"This system uses special color markers, placed at key locations in the environment, that can be detected by a regular camera phone.",0,special
"""Our platform fosters an environment where people of all abilities feel included.""",1,people of all abilities
"This poster describes an approach to creating a tool to aid blind, low-vision, dyslexic, and other non-visual readers in skimming a document to answer questions.",0,dyslexic
"""The phrase 'able-bodied' reflects a historical approach to disability terminology.""",0,able-bodied
"""Advocates recommend replacing 'hearing-impaired' with 'Deaf or hard of hearing' to reflect current preferences.""",0,hearing-impaired
"""The app’s features were overly simplified to accommodate hard of hearing users’ limitations.""",1,hard of hearing
"""We created flexible workflows to fit the operational needs of different industries.""",0,fit
"""The interface was redesigned to accommodate the slower participants in the study.""",1,slow
"In this paper, we explore the current use and future potential of fitness technologies for stamina and fatigue management in wheelchair basketball, a team-based sport originally created for paraplegic athletes.",0,paraplegic
"""The blind person faces unique challenges that sighted individuals cannot understand.""",1,blind person
"""Our research explores the role of AI in predicting epileptic activity for better intervention.""",0,epileptic
"""The app simplifies interactions for hearing-impaired users who face auditory challenges.""",1,hearing-impaired
"In this paper, we present an experiment with 30 visually impaired participants, where we compare the use of faster speech rates against the use of concurrent speech.",1,visually impaired
"""Individuals with impairments were excluded from certain sections of the study due to their limitations.""",1,impairments
"""The findings reveal how paraplegic users benefit from smart home integrations.""",0,paraplegic
"""This tool was developed to assist handicapped individuals in overcoming mobility challenges.""",1,handicapped
"""The study indicates that persons with disabilities are less likely to engage without significant intervention.""",1,persons with disabilities
"""This paper discusses how phrases like 'people of all abilities' can undermine efforts toward true inclusivity.""",0,people of all abilities
"""The term 'illiterate' was mentioned in the study to contextualize historical literacy challenges.""",0,illiterate
"""Feedback from a blind person helped improve the accessibility features of the app.""",0,blind person
"""The tool simplifies interactions for individuals with abnormal auditory processing.""",1,abnormal
"""The phrase 'children with autism' is commonly found in older academic literature.""",0,children with autism
Various interfaces have been devised including some simple voice controlled chairs that can understand simple commands.,0,simple
"""We aim to provide resources that support the Deaf in achieving digital independence.""",0,the deaf
"""The tool assumes the user has normal motor control for accurate interaction.""",1,normal
"""Our findings highlight the unique challenges faced by spastics in public environments.""",1,spastic
"""The study analyzes how 'hunchbacks' in ancient literature symbolized both physical and emotional burdens.""",0,hunchback
"""The program prioritizes accessibility for users with atypical cognitive development.""",1,atypical
"""This tool incorporates non-verbal expressions to make user interactions more natural.""",0,non-verbal
"""Paraplegics often rely on assistive devices to complete daily tasks efficiently.""",1,paraplegic
"""The term 'sight-impaired' appears frequently in older academic literature on accessibility.""",0,sight- impaired
"""The app includes tools for managing datasets bound by interdependent variables.""",0,bound
"""Homebound individuals frequently rely on telepresence tools to interact with the outside world.""",1,homebound
"""Discussions on inclusive language often cite terms like 'visually impaired' as problematic.""",0,visually impaired
"""Training sessions are essential to help the blind person overcome their challenges.""",1,blind person
"""The research explores how technology can align with the priorities of the disabled community.""",0,the disabled
"""The system provides additional visual cues for hearing-impaired users to aid in comprehension.""",1,hearing-impaired
"As part of the Blind Programming Project at Southern Illinois University Edwardsville, we are investigating ways to make programming more fun for school aged blind children.",0,the blind
"Videoconferencing usage has surged in recent years, but current platforms present significant accessibility barriers for the 430 million d/Deaf or hard of hearing people worldwide.",0,hard of hearing
"""The shift away from terms like 'visually impaired' aligns with modern advocacy trends.""",0,visually impaired
"""The program can be adjusted to fit the specific goals of each user.""",0,fit
Geriatric depression is a common mental health condition affecting majority of older adults in the US.,0,mental
"""The study shows that illiterate users often struggle to engage with text-based interfaces.""",1,illiterate
"A visit to hospital is traumatic for both a patient with disabilities and their family members, especially when the patient has no or limited functional speech [1].",0,patient
"""Sight-impaired users required additional training to adapt to the platform’s features.""",1,sight- impaired
Sign language narration is difficult to view at live planetarium shows because the room is dark and the signer is not located near images projected onto the planetarium dome.,0,sign language
"""The term 'hearing-impaired' was commonly used in the past to describe individuals with hearing loss.""",0,hearing-impaired
Our database of signing samples was collected from user studies of deaf children playing aWizard of Oz version of the game at the Atlanta Area School for the Deaf (AASD).,1,the deaf
"Typically, a substantial amount of staff intervention is required for a special education teacher to correct hand-mouthing behavior.",1,special
"""This paper examines the impact of language, such as the word 'handicapped,' on public attitudes toward disability.""",0,handicapped
"In contrast, iNetSim is assessable by blind and vision impaired users, in addition to those with normal vision.",1,normal
"""Homebound individuals often face significant barriers in participating in public activities.""",1,homebound
"""The term 'visually impaired' is still prevalent in certain policy documents.""",0,visually impaired
"This paper presents a collaborative approach between members of the student support service, researchers and a special needs student in order to improve his access to and participation in university education.",1,special needs
"This paper presents Humsher -- a novel text entry method operated by the non-verbal vocal input, specifically the sound of humming.",0,non-verbal
We conducted a mixed methods longitudinal study with eight screen reader users and found that they entered characters with GestureCalc 40.5\% faster on average than with a typical touch screen calculator.,0,typical
"""The program simplifies workflows for sight-impaired users in document navigation.""",1,sight- impaired
"""The term 'hearing-impaired' has largely been replaced in favor of terminology that emphasizes capability.""",0,hearing-impaired
"""Users who fit the general coordination criteria had an easier time navigating the system.""",1,fit
"""The study highlights the importance of considering the needs of persons with disabilities in design processes.""",0,persons with disabilities
"""Normal mobility levels are required to fully utilize the features of the device.""",1,normal
Power assist devices help manual wheelchair users to propel their wheelchair thus increasing their independence and reducing the risk of upper limb injuries due to excessive use.,0,wheelchair user
"""This program provides resources to caregivers for managing epileptic emergencies effectively.""",0,epileptic
"""Our findings explore how 'illiterate' was commonly used in mid-20th century educational studies.""",0,illiterate
"""Handicapped individuals often require special accommodations to access standard systems.""",1,handicapped
"""Able-bodied individuals demonstrated quicker reaction times compared to those with physical disabilities.""",1,able-bodied
"""Our findings emphasize the importance of avoiding terms like 'hearing-impaired' in favor of inclusive language.""",0,hearing-impaired
"Typical sidewalk mapping methods rely on surveyor collections, which are non-standardized, laborious, costly, difficult to maintain, and do not scale well.",0,typical
"""Deficient cognitive abilities often limit participation in traditional learning environments.""",1,deficient
"""This program addresses the challenges faced by illiterate individuals in using technology.""",1,illiterate
"""This app translates spoken language into text to assist a deaf person in group discussions.""",0,deaf person
"The Americans with Disabilities Act requires online lecture creators to caption the videos for deaf and hard of hearing students, or for deaf and low vision (DLV) students who request these accommodations.",0,hard of hearing
"""Non-verbal participants showed slower response times compared to verbal users.""",1,non-verbal
"In a still ongoing multi-year research process we followed a user centred approach to explore how visually impaired people can be supported in indoor navigational issues, whether vibrotactiles are the right channel for this, where the actuators should sit on the body, whether the hardware solution would be acceptable for people to use on a daily basis in public and how they feel about the system after three weeks of usage.",1,visually impaired
"""The app provides support for people of all abilities to navigate public spaces efficiently.""",1,people of all abilities
"""Healthy users require fewer accommodations to complete the designed tasks.""",1,healthy
"""Participants categorized as epileptics required additional support during the study.""",1,epileptic
"""The system was designed to ensure users can explore the whole process efficiently.""",0,whole
"""We modeled the design on typical preferences expressed by older adults.""",0,typical
Deaf and hard of hearing (DHH) individuals face barriers to communication in small-group meetings with hearing peers; we examine generation of captions on mobile devices by automatic speech recognition (ASR).,0,hard of hearing
"""This research explores how crip theory can inform the design of accessible technologies.""",0,crip
"""The interface was adjusted to accommodate the reduced capabilities of wheelchair users.""",1,wheelchair user
Conversation between two individuals requires verbal dialogue; the majority of human communication however consists of non-verbal cues such as gestures and facial expressions.,0,non-verbal
"""Participants labeled as homebound required extended time for remote interactions.""",1,homebound
"""Our study examines how terms like 'hearing-impaired' have evolved in accessibility discourse.""",0,hearing-impaired
"""This system is optimized for non-verbal users who may not adapt to complex interfaces.""",1,non-verbal
"To find out, we interviewed 17 adults with cognitive or mental disabilities about their motivation for and experience using online tests.",0,mental
"""Our findings highlight the impact of special auditory cues in improving engagement.""",0,special
"""The program integrates special tools to enhance accessibility for diverse users.""",0,special
Switching between them supports the development of a mental model of a chart.,0,mental
"""The annual report from the National Special Needs Alliance highlights the progress in this area.""",0,special needs
"""Our findings highlight the role of non-verbal signals in enhancing communication efficiency.""",0,non-verbal
"""We developed an app to aid a deaf person in navigating public transportation systems.""",0,deaf person
"""The system was evaluated using both able-bodied participants and participants with mobility impairments.""",1,able-bodied
"""Our program adheres to the standards set by the International Special Needs Council.""",0,special needs
"Our findings reveal that sonification can intuitively convey simple patterns and trends in math graphs with a little practice, be useful to introduce the discontinuities, and be more effective with descriptions of the sound and graphs.",0,simple
"Roughly 1 in 3 people around the world are affected by cognitive or mental disabilities at some point in their lives, yet people often face a variety of barriers when seeking support and receiving diagnosis from healthcare professionals.",0,mental
"While we believe this model is uniquely suited for individuals with ASD, we also foresee this approach being useful for anyone that might like a quick and simple way to personalize software programs.",0,simple
"""This study provides a comparison between typical and adaptive learning methods.""",0,typical
"""The system provides basic assistance for wheelchair users who often face mobility limitations.""",1,wheelchair user
"Web automation has the potential to bridge the accessibility divide between the ways blind and sighted people access the Web; specifically, it can enable blind people to accomplish quickly web browsing tasks that were previously slow, hard, or even impossible to complete.",0,slow
Sign'Maths is an online dictionary that gives deaf students access to mathematical definitions in Sign Language.,0,sign language
"""We designed the app to ensure that hearing-impaired users could access all content.""",1,hearing-impaired
"""Hard of hearing individuals are frequently dependent on subtitles to understand content.""",1,hard of hearing
"This paper presents the design of an end-to-end sign language dictionary system, incorporating design recommendations from recent human–computer interaction (HCI) research.",0,sign language
"""This study discusses the replacement of 'handicapped' with terms that focus on accessibility and inclusion.""",0,handicapped
"""The program focuses on overcoming barriers for hearing-challenged individuals in communication.""",1,challenged
"""The program emphasizes tools for healthy participants before addressing other needs.""",1,healthy
"""Our findings show that hunchbacks benefit from using wearable posture correction devices.""",1,hunchback
"With this paper, we argue that the underlying philosophical position implied in this approach can be seen as reductionist as the disabled experience is arguably richer and often more complex as can be projected from the functional limitations of people.",0,the disabled
"""The program ensures sight-impaired individuals can participate in digital group activities.""",1,sight- impaired
"Three categories of parameters are covered: (1) narrowband (NB) versus wideband (WB) audio; (2) encoding audio at varying bit rates, ranging from typical rates used in today's telecom networks to the highest quality supported by these audio codecs; and (3) absence of packet loss to worst-case packet loss in VoIP telephony.",0,typical
"""Our findings indicate that children with autism prefer structured learning environments.""",1,children with autism
"Our VocaliD system combines the source characteristics of the disordered speaker with the filter characteristics of an age-matched healthy speaker using voice transformation techniques, in order to produce a personalized voice.",1,healthy
"""We conducted interviews with a blind person to understand their daily challenges.""",0,blind person
"""This system encourages healthy interactions between team members in collaborative settings.""",0,healthy
"""The program offers features designed specifically for crips to improve their mobility.""",1,crip
"""The app offers insights into creating a healthy daily routine.""",0,healthy
"""The app includes real-time text transcription to assist hearing-impaired users.""",1,hearing-impaired
"""The app focuses on creating opportunities for people of all abilities to excel in STEM fields.""",1,people of all abilities
"""Participants categorized as crips lagged behind in task completion rates.""",1,crip
Our system has five special characteristics.,0,special
"""The design promotes healthy engagement with technology through mindful usage reminders.""",0,healthy
"""The Special Needs and Assistive Technology Exhibition showcased groundbreaking innovations.""",0,special needs
"Schools  have  attempted  to  overcome  these  barriers  with  a variety  of  adaptations  such  as  special  classrooms,  therapies,  and  assistive  technologies.  ",1,special
"""Many dyslexics report feeling frustration with traditional classroom methods.""",1,dyslexic
"""The study highlights the deficits wheelchair users experience in inaccessible environments.""",1,wheelchair user
"""The app includes features specifically for bed-bound users to ensure inclusivity.""",1,bound
"""Our findings demonstrate how the tool can fit the diverse requirements of its users.""",0,fit
"""Our findings discuss the implications of using terms like 'homebound' in public service documents.""",0,homebound
"""Persons with disabilities provided valuable feedback on the tool’s usability and accessibility.""",0,persons with disabilities
"""The blind person requires constant innovation to keep up with societal demands.""",1,blind person
"""Participants in the study included people of all abilities to ensure diverse feedback.""",1,people of all abilities
"""The system ensures that dependencies are clearly bound within the workflow.""",0,bound
"While there is significant merit in adopting current technologies for individuals with epilepsy and their caregivers to monitor seizure patterns and notify caregivers of epileptic episodes, little effort has been made to address the user requirements of such technologies in relation to stigma-related concerns.",0,epileptic
"""Our research discusses the evolution of 'impairments' in the context of disability rights.""",0,impairments
"""Workshops included input from dyslexic participants to refine the training modules.""",0,dyslexic
"""The system is tailored to meet the needs of those who are bed-bound for extended periods.""",1,bound
"""The app flags abnormal spending patterns to help users manage their finances better.""",0,abnormal
"Furthermore, the investigation indicates that the deaf community is more self-enclosed and won't exchange ideas with the hearing.",0,the deaf
"""The program aims to bridge the gap for spastics in professional environments.""",1,spastic
"""This program simplifies tasks for those with speech disorders who struggle with communication.""",1,disorder
"To explore the opportunities and challenges of such an endeavor, we document the process undertaken to build a braille keyboard for a one-handed blind person over the course of 18-months.",0,blind person
"Technology workers are often stereotyped as being socially awkward or having difficulty communicating, often with humorous intent; however, for many technology workers with atypical cognitive profiles, such issues are no laughing matter.",0,atypical
"""The term 'impairments' has been replaced in many fields with language that emphasizes capability.""",0,impairments
"""The term 'visually impaired' is often critiqued for its association with the impairment model.""",0,visually impaired
These range from simple textual additions to the VRML file to scripts which aid in the creation of more accessible worlds.,0,simple
"""The program supports children with autism in building emotional regulation skills through guided activities.""",1,children with autism
"Through an iterative design process using Wizard of Oz (WOz) prototypes, we designed a video calling application for people with Autism Spectrum Disorder.",0,disorder
"""The term 'able-bodied' is commonly found in older academic literature but is now less favored.""",0,able-bodied
"""The app compensates for deficient sensory abilities in users with disabilities.""",1,deficient
"This work points to exciting potential of patient-centered digital phenotyping to benefit patients’ understanding of themselves, and push forward a paradigm of ethical data report-back.",0,patient
Music therapy could be an interesting resource to enhance social and cognitive skills in people with mental disorders.,1,mental
"""Inclusion advocates recommend avoiding phrases like 'able-bodied' in professional discourse.""",0,able-bodied
We hypothesize that one of the reasons for the slow adoption of UD is that universal design resources (UDRs) are not adequate for facilitating designers' tasks.,0,slow
"""Our findings revealed that the deaf struggle more with text-heavy interfaces.""",1,the deaf
"""The tool was developed to assist individuals who are wheelchair-bound with daily tasks.""",1,bound
"""The workshop at the Special Needs Development Institute focused on inclusive design practices.""",0,special needs
"""Language preferences are shifting away from phrases like 'visually impaired.'""",0,visually impaired
"Through discussion with physical therapists at the Kaohsiung County Special Education School, researchers understood that students with physical disabilities typically lack enthusiasm for rehabilitation, hindering their recovery of limb function and ability to care for themselves.",0,special
"""Only simple explanations were used to ensure all participants could follow.""",1,simple
Real-time computer feedback systems (CFS) have been shown to impact the communication of neurologically typical individuals.,1,typical
"""We designed the app to fit the varying levels of experience among participants.""",0,fit
These challenges made participants inefficient-they were slow and often made mistakes; even tech savvy participants felt frustrated and not in control.,0,slow
"""The term 'visually impaired' illustrates the evolution of disability-related language.""",0,visually impaired
"We first discuss the difficulties that blind people face in trying to lie in society, because of the lack of accessible information resources, and then consider the potential of the Web as a new information resource for the blind.",0,the blind
"""The app ensures that individuals with atypical sensory profiles can access basic functionalities.""",1,atypical
"""This study demonstrates how people of all abilities can benefit from adaptive technologies.""",1,people of all abilities
"Individuals diagnosed with autism spectrum disorder (ASD) often fixate on narrow, restricted interests.",0,disorder
"""The app provides a way for homebound users to experience outdoor environments virtually.""",1,homebound
"This paper extends our previous research into DIY tools in special education settings [1] and presents the development of a unique tool, GripFab, for creating 3D-printed custom handgrips.",1,special
"""Our study focused on the obstacles faced by the blind person in a sighted world.""",1,blind person
"""The deaf needed extra time to adapt to the system’s auditory feedback mechanisms.""",1,the deaf
"""We designed the app for spoken language users first and added minimal sign language support.""",1,sign language
"""The research focused on finding practical solutions for dyslexics in the workplace.""",1,dyslexic
"Another interesting aspect is that the clutter-free main content of a web page, that is produced by the Readability tool and the ""Reader"" feature of the Safari browser, emerges as a special case of the thematic segments created by our technique.",0,special
"""In folklore, hunchbacks are often depicted as mystical beings with unique insights or powers.""",0,hunchback
"""We analyzed the effectiveness of policies aimed at improving opportunities for persons with disabilities.""",0,persons with disabilities
"""This guide outlines alternative terms to 'illiterate' that promote a more inclusive narrative.""",0,illiterate
"""Our study highlights why 'sight-impaired' is being replaced by more specific terminology in policy.""",0,sight- impaired
"""Participants with mental illnesses relied heavily on visual aids to complete tasks.""",1,mental
"""Our study investigates the unique requirements of people with special needs in online education.""",1,special needs
"""This app is intended to ease the burden wheelchair users often encounter in public spaces.""",1,wheelchair user
The tool can analyze videos from diverse camera and background settings without specialized equipment thanks to a sign language segmentation and keyframe identification model.,0,sign language
"""Our findings suggest that seizure-safe protocols reduce risks during epileptic episodes.""",0,epileptic
"""The program was developed to address mobility challenges faced by paraplegics.""",1,paraplegic
"""This research highlights how spastic muscle movements affect user interaction with haptic devices.""",0,spastic
"In this case, during group sessions that involve multiple participants and various visual aids, interpreters often have limited access to the Deaf clients’ environment due to the constraints of their cameras’ field of view (FOV).",0,the deaf
"""Patients with limited dexterity were provided with easier versions of the interactive tools.""",1,patient
"""Participants who are cognitively challenged often need additional support to complete tasks.""",1,challenged
"Artificial Intelligence (AI) for accessibility is a rapidly growing area, requiring datasets that are inclusive of the disabled users that assistive technology aims to serve.",0,the disabled
"""Healthy users are the primary audience for this tool, with secondary accessibility options.""",1,healthy
"""The blind community actively participated in the design process of this innovative tool.""",0,the blind
"""We simplified the design to better support handicapped users in daily interactions.""",1,handicapped
"""The research emphasizes why 'autistic children' is now preferred over 'children with autism.'""",0,children with autism
"""The report examines how 'impairments' as a term has influenced accessibility discourse.""",0,impairments
"""The app’s navigation features were tested with paraplegic users to ensure usability.""",0,paraplegic
"""Our research critiques the use of phrases like 'sight-impaired' in accessibility documentation.""",0,sight- impaired
"""The findings challenged the stereotype that assistive technology is only for niche use cases.""",0,challenged
"""The app was designed to simplify interactions for handicapped users struggling with traditional interfaces.""",1,handicapped
"""The app’s intuitive settings allow it to fit smoothly into everyday use.""",0,fit
"We recruited 60 crowd workers and asked them to transcribe a page of a comic book; half were told that the description was for a blind person, and half were not.",0,blind person
"In this work, we present a platform for continuously monitor and guide stroke patient at home during Activities of the Daily Living.",0,patient
"""The research highlighted the challenges faced by non-whole users.""",1,whole
"""We implemented a series of exercises tailored to improve the skills of dyslexics.""",1,dyslexic
"""The system compensates for the inherent challenges faced by hard of hearing individuals.""",1,hard of hearing
"""The findings suggest that hearing-impaired individuals perform better with visual-first designs.""",1,hearing-impaired
The Web has become a new information resource for the blind.,1,the blind
"""Advocates suggest replacing 'impairments' with language that emphasizes ability and inclusion.""",0,impairments
"""The platform challenged users to explore new ways of engaging with digital art.""",0,challenged
"""The blind person frequently needs extra support to perform daily activities.""",1,blind person
"It would be better if such tools paid more attention to real usability, especially on time-oriented usability factors, such as the speed to reach target content, the ease of understanding the page structure, and the navigability, in order to help Web designers to create not simply compliant pages but also usable pages for the blind.",1,the blind
"""Our findings suggest wheelchair users face significant barriers to independence.""",1,wheelchair user
"""The design team worked closely with dyslexic participants to tailor the software’s features.""",0,dyslexic
"""The phrase 'children with autism' appears frequently in past studies on developmental therapies.""",0,children with autism
"Current symbol-based dictionaries providing vocabulary support for persons with the language disorder, aphasia, are housed on smartphones or other portable devices.",0,disorder
"""Our research evaluates how wearable sensors detect early signs of epileptic activity.""",0,epileptic
"""The deaf are more likely to encounter challenges in environments lacking visual aids.""",1,the deaf
"""The tool assumes that sign language is not suitable for detailed or technical conversations.""",1,sign language
"""Abnormal driving behaviors are monitored by the platform to enhance road safety.""",0,abnormal
"""The artist’s series 'Hunchbacks of Humanity' explores the symbolic weight carried by marginalized communities.""",0,hunchback
This system monitors the abnormal activities of an older adult using wireless motion sensors and machine learning models.,0,abnormal
"Augmentative and alternative communication (AAC) technologies are typically fixed-form factor mobile devices, which can be physically obtrusive and visually identifiable – perpetuating public stigmas and limiting non-verbal communication.",0,non-verbal
"""Abnormal sound detection was integrated into the app to alert users to potential hazards.""",0,abnormal
"""Dyslexics often rely on multi-sensory learning approaches to succeed academically.""",1,dyslexic
"""The device works optimally for those who fit the normal auditory processing range.""",1,fit
"""The app enables seamless interaction using non-verbal methods like eye-tracking.""",0,non-verbal
"""Participants labeled as spastics were excluded from sections requiring high-speed interaction.""",1,spastic
"""The program was developed to improve quality of life for hunchbacks in professional settings.""",1,hunchback
"""The blind community expressed support for the new navigation aids.""",0,the blind
"""Researchers have noted the value of co-designing with the disabled for more effective outcomes.""",0,the disabled
"""A blind person must rely on others for navigation in unfamiliar environments.""",1,blind person
"""The app improves response times for users even at a slow rate of 0.1 seconds per iteration.""",0,slow
"""The findings highlight the barriers epileptics face in accessing timely medical care.""",1,epileptic
"""We designed this product to simplify life for the blind person and improve their productivity.""",1,blind person
"Analyzing situations where work-arounds compensate for task failures reveals important insights for future artifact design for the blind such as the value of socialization, tactile and audio feedback, and facilitation of user independence.",1,the blind
"""Only users with a whole range of mobility can fully utilize this feature.""",1,whole
"""Our design accommodates the deficits experienced by homebound individuals in physical mobility.""",1,homebound
"""The historical use of 'hearing-impaired' shaped early accessibility standards in technology.""",0,hearing-impaired
"""Sight-impaired participants required additional support to complete visual tasks in the study.""",1,sight- impaired
"However, it is not clear if the way that assistance is provided by such devices is what manual wheelchair users need and expect.",0,wheelchair user
"Through thematic analysis, we identified four themes (i.e., enforced use of technology; need for support in technology use; equivocal stance towards sharing data; hypothetical value of technology for healthy ageing) to provide a deeper understanding of older adults' attitudes and engagement with information- and communication technologies (ICT) in general and SMHS in particular.",0,healthy
We base this on findings from two studies at a special school in New Delhi.,1,special
"""The paper examines how deficient-centric perspectives hinder progress in disability rights.""",0,deficient
"""Participants with normal fine motor skills faced fewer challenges in the task.""",1,normal
"""The app simplifies tasks for mentally challenged individuals to improve accessibility.""",1,challenged
"""The partnership with the Special Needs Learning Association emphasized the value of co-creation.""",0,special needs
This paper introduces an application for creating words and sentences of sign language as animated gesture sequences.,0,sign language
"""This analysis focuses on the shift from using 'impairments' to emphasizing functional diversity.""",0,impairments
"""This analysis explores how 'homebound' is referenced in accessibility technology patents.""",0,homebound
"""Participants who are visually challenged struggled to adapt to text-heavy interfaces.""",1,challenged
"""The program provides educational modules tailored for epileptics and their families.""",1,epileptic
We examined a learning system to study handwriting of Japanese sentences in special needs education.,1,special needs
"""This program integrates principles from crip studies to enhance system accessibility.""",0,crip
"""The system translates sign language into text, enabling a deaf person to communicate more effectively.""",0,deaf person
"""Illiterate children needed extra support to understand the educational content.""",1,illiterate
"After a long history of being viewed as a children's disorder, it is now recognized that Attention-Deficit/Hyperactivity Disorder (ADHD) can affect adults as well.",0,disorder
"""Our app simplifies tasks for sight-impaired users to improve accessibility and engagement.""",1,sight- impaired
"""We created simple tasks for individuals who might not be capable of handling complex instructions.""",1,simple
"""The program provides alternative solutions for spastics unable to use standard tools.""",1,spastic
"""Hunchbacks in literature often serve as metaphors for perseverance and overcoming adversity.""",0,hunchback
"""This report explores how systemic deficiencies, rather than individual ones, impact accessibility.""",0,deficient
"""We grouped hearing-impaired participants separately to analyze their unique interaction needs.""",1,hearing-impaired
"""The program was created to address the mobility challenges experienced by crips.""",1,crip
"""Hard of hearing participants were excluded from complex tasks due to their communication barriers.""",1,hard of hearing
"""The program ensures people of all abilities can participate in physical activities.""",1,people of all abilities
"""The app simplifies processes for users with abnormal memory retention.""",1,abnormal
"Since these individuals may not emote in a typical way, most techniques for affective computing will not work for this population.",0,typical
"Participants included both healthy individuals and those with physical disabilities.""",1,healthy
"""Only participants with whole physical abilities were included in the main analysis.""",1,whole
"""Our findings suggest that sign language users rely heavily on visual aids to compensate for their limitations.""",1,sign language
"""The findings suggest that bed-bound users benefit from enhanced visual interfaces.""",1,bound
"""This guide explains why 'illiterate' is being phased out in favor of people-first language.""",0,illiterate
"""Participants with normal physical health were used as the control group.""",1,normal
"""The system tracks abnormal energy consumption to improve household efficiency.""",0,abnormal
"""The word 'homebound' has historical significance in accessibility discourse but is being phased out.""",0,homebound
Two sets of model simulations were tested against the actual performance of able-bodied and spinal cord injured subjects.,1,able-bodied
"""Our findings challenged preconceived notions about the learning capabilities of all users.""",0,challenged
"For individuals having a motor disorder of neuromuscular origin, computer usage can be challenging.",1,disorder
Acquiring accessibility information about unfamiliar places in advance is essential for wheelchair users to make better decisions about physical visits.,0,wheelchair user
"""The app provides simplified features for people of all abilities to engage with technology.""",1,people of all abilities
"""The app provides features specifically tailored for users with atypical learning styles.""",1,atypical
"""Deficient learners often struggle with adapting to standard educational tools.""",1,deficient
"""The research focuses on overcoming the inherent challenges faced by wheelchair users.""",1,wheelchair user
"""Hard of hearing individuals typically require secondary solutions to keep up with their hearing counterparts.""",1,hard of hearing
"""'Visually impaired' appears frequently in older literature on accessibility.""",0,visually impaired
"""The app provides real-time text transcription, enhancing accessibility for a deaf person.""",0,deaf person
"Prior work has explored communication challenges faced by people who are deaf and hard of hearing (DHH) and the potential role of new captioning and support technologies to address these challenges; however, the focus has been on stationary contexts such as group meetings and lectures.",0,hard of hearing
"""People with typical memory capabilities scored higher in the cognitive tests.""",1,typical
"""Our findings indicate that paraplegics need constant support to navigate complex systems.""",1,paraplegic
"""Our findings suggest that individuals with atypical behavior patterns need specialized tools.""",1,atypical
"""The design challenges faced by those without typical skills were not the study's focus.""",1,typical
"""The platform provides limited sign language support for users who may not fully grasp other formats.""",1,sign language
"""Our findings focus on the impact of wheelchair innovations for paraplegic basketball players.""",0,paraplegic
"""Patients are often unable to engage fully with standard computer systems without assistance.""",1,patient
"""The research focuses on how stress influences the frequency of epileptic episodes.""",0,epileptic
"""The app provides tailored interfaces for individuals managing spastic motor impairments.""",0,spastic
This research represents the initial stages of our efforts to establish a digital library run by visually impaired individuals.,1,visually impaired
"For this study, participants with AMD and visually-healthy controls used a handheld computer to search, select and manipulate familiar playing card icons under varied icon set sizes, inter-icon spacing and auditory feedback conditions.",1,healthy
"""Our findings emphasize the need for specialized tools for hearing-impaired individuals.""",1,hearing-impaired
"""This system was developed to enhance motor skill development in children with autism.""",1,children with autism
The reliance on vision for tasks related to cooking and eating healthy can present barriers to cooking for oneself and achieving proper nutrition.,0,healthy
"""The app assumes that a patient has reduced capacity to understand complex instructions.""",1,patient
"""Our app provides real-time feedback to help users manage spastic muscle tone during tasks.""",0,spastic
"""This tool allows children with autism to explore creative expression through digital art.""",1,children with autism
"""Mental health participants were excluded from certain parts of the study due to their impairments.""",1,mental
"A small sampling of users suggests that such adaptations to caption display are preferred by a majority of users, whether they are deaf, hard of hearing or hearing.",0,hard of hearing
With this special Sudoku puzzle we can help more people to get involved in computer games and contribute to develop logic thinking and concentration in students.,0,special
"""The app offers features specifically for epileptics to improve their safety during seizures.""",1,epileptic
"By considering the accessibility and ubiquity of input techniques, we can design for both motor-impaired users and ""situationally impaired"" able-bodied users who are on-the-go.",1,able-bodied
"The hypothesis defined was that it was possible to produce tools that could reduce the input needed to adapt the games for people with special needs but achieving a good level of usability, resulting in a reduction of the cost and effort required.",1,special needs
"""Our findings highlight the benefits of adaptive tools for individuals with paraplegic conditions.""",0,paraplegic
"""The app bridges the gap for paraplegics by providing basic mobility aids.""",1,paraplegic
"In collaboration with NGOs dedicated to supported employment programs, we propose the use of MGuider in public transit systems: a novel mobile guiding and tracking service, to increase work and life independence for cognitive-impaired patients such as people with traumatic brain injury, cerebral palsy, mental retardation, schizophrenia, dementia, and Alzheimer's disease.",1,mental
"""The app monitors abnormal changes in blood sugar levels for individuals managing diabetes.""",0,abnormal
"""Participants with mental illnesses were grouped separately for more targeted interventions.""",1,mental
"""The app is grounded in crip methodologies to better address diverse user needs.""",0,crip
"""To ensure accessibility for the blind community, we incorporated voice navigation in the app.""",0,the blind
"""A blind person’s experience using the app provided crucial data for our study.""",0,blind person
"""The system was developed in consultation with representatives from the disabled community.""",0,the disabled
"""Participants who fit the description of fast responders adapted quickly to the interface.""",1,fit
"""Assistive technologies are critical for helping persons with disabilities engage in regular activities.""",1,persons with disabilities
"""Our study challenges the idea that accessibility features limit overall usability.""",0,challenged
"We believe that such a system can address one of the major problems faced by the visually handicapped, namely their difficulty in localizing specific objects.",1,handicapped
"""The research examines how atypical travel patterns influence urban transportation models.""",0,atypical
"""A simple job was assigned to the participants with limited cognitive abilities.""",1,simple
"Most competitive exertion games are highly reliant on visual cues, presenting a certain risk for visually impaired players.",1,visually impaired
"""The system addresses the limitations faced by spastics in educational settings.""",1,spastic
"Naively narrating web pages, particularly the ones consisting of several diverse pieces (e.g., news summaries, opinion pieces, taxonomy, ads), with TTS engines without organizing them into thematic segments will make it very difficult for the blind user to mentally separate out and comprehend the essential elements in a segment, and the effort to do so can cause significant cognitive stress.",0,the blind
"""This program was developed specifically to address the challenges faced by hunchbacks.""",1,hunchback
"""The app’s design prioritizes able-bodied users while providing secondary features for wheelchair users.""",1,wheelchair user
"""This guide highlights why terms like 'hearing-impaired' are no longer considered best practice in advocacy.""",0,hearing-impaired
"""Physically challenged users required longer adaptation periods to navigate the platform.""",1,challenged
"""The program includes tools to help epileptics track seizure patterns more effectively.""",1,epileptic
"""The study focuses on bridging the gap for participants with sensory impairments.""",1,impairments
"""Participants with typical visual acuity completed the trial faster than others.""",1,typical
"""The app excludes advanced options for users with learning disorders, given their slower progress.""",1,disorder
We call this emerging area Personal Safety Management and contribute a set of four broad subareas that deserve further exploration by researchers and designers working within the blind and broader disabilities communities.,1,the blind
"""The study explores the effectiveness of non-verbal feedback in virtual reality applications.""",0,non-verbal
"""Our findings highlight the need to educate about the limitations of terms like 'handicapped.'""",0,handicapped
"""The tasks were simplified so that participants with slower learning speeds could keep up.""",1,simple
"""Our training materials are tailored to meet the needs of people of all abilities.""",1,people of all abilities
"This limitation excludes this population from learning to code and, for those who develop a musculoskeletal disorder in later stages, could jeopardize their programming careers.",0,disorder
"""Participants who didn’t fit the predefined demographic were not included in the test group.""",1,fit
Implementation was kept open-ended to allow teachers to use it in ways that best fit with their existing embedded practices.,0,fit
"In this paper we describe how we worked closely together with persons that have mental and cognitive disabilities in order to test and develop methods for participation in assessments and in processes for developing, Information and Communication Technology (ICT) products and services.",0,mental
There is a substantial population of wheelchair users who do not have the motor capabilities needed to efficiently operate a power wheelchair on their own.,0,wheelchair user
"""Participants labeled as sight-impaired required alternative workflows during testing.""",1,sight- impaired
"""The study focused on users who fit the standard physical activity levels.""",1,fit
"To this day, we lack mechanisms for data inspection and control that are accessible to the blind community.",0,the blind
"""The study evaluates the impact of atypical search queries on algorithm accuracy.""",0,atypical
Adding American Sign Language (ASL) versions of information content to websites can improve information accessibility for many people who are Deaf or Hard of Hearing (DHH) who may have lower levels of English literacy.,0,hard of hearing
"""The novel challenges stereotypes by redefining how characters like hunchbacks are perceived in popular narratives.""",0,hunchback
"""Non-verbal participants struggled to complete tasks without additional guidance.""",1,non-verbal
"""The platform supports analyzing the whole workflow in a single view.""",0,whole
"""The app enables paraplegic users to control devices through adaptive interfaces.""",0,paraplegic
"""Handicapped users often report slower progress when adapting to new technologies.""",1,handicapped
"""Participants who are slow require additional resources to achieve similar results.""",1,slow
"""The system is not designed for users who don’t fit the typical mobility spectrum.""",1,fit
"""The program ensures that tasks remain bound to their assigned deadlines.""",0,bound
"""Wheelchair users often encounter difficulties in environments designed for able-bodied individuals.""",1,wheelchair user
"""The study explores how 'deficient' as a term reinforces ableist perspectives in healthcare.""",0,deficient
"""Advances in accessibility technology have greatly improved independence for persons with disabilities.""",0,persons with disabilities
Individuals with Autism Spectrum Disorder (ASD) often engage in stereotypical behaviors.,0,disorder
Collected results highlight ways in which Google interfaces could be modified in order to improve usability for the blind.,1,the blind
"Seeking to enable direct and equal access for the Deaf to emergency call centers, we analyze the current state of the emergency phone system in the United States and elsewhere in the world.",1,the deaf
A simple experiment comparing the resulting text entry capabilities to conventional row-column scanning shows that the entry rate can be increased by over 30 \%.,0,simple
"""The term 'deficient' often reflects societal bias rather than individual realities.""",0,deficient
"More importantly, we show that by analysing novel dynamic performance features detailing timing and constructional aspects of each response, significant performance deficits can be noted in drawings made by clinically diagnosed neglect subjects that would have been classified as 'normal' using conventional static analysis, thus improving the sensitivity of the assessment.",0,normal
"""Our study reveals that atypical learners require alternative instructional methods.""",1,atypical
"""The program was designed in consultation with dyslexic individuals to ensure usability.""",0,dyslexic
"""We designed the platform to make it easier for people of all abilities to interact with digital content.""",1,people of all abilities
The aim of this study is to assess if using the music multimedia tool ACMUS with people with severe mental disorders is feasible and potentially beneficial.,1,mental
"""The system addresses the needs of atypical individuals who rely on visual aids.""",1,atypical
"""The tool provides visual cues to assist children with autism in understanding social norms.""",1,children with autism
"""This feature ensures that persons with disabilities can participate, albeit at a slower pace.""",1,persons with disabilities
"""Special instructions were provided for persons with disabilities to help them complete the tasks.""",1,persons with disabilities
"""Spastics often require additional assistance to complete tasks successfully.""",1,spastic
"Embodied Exploration&nbsp;allows wheelchair users to explore high-fidelity digital replicas of physical environments with themselves embodied by avatars, leveraging the increasingly affordable VR headsets.",0,wheelchair user
"""We simplified the tool to make it accessible for non-verbal users.""",1,non-verbal
"""The project challenged assumptions about how individuals interact with multi-modal systems.""",0,challenged
"""Our app is designed to address the special needs of users with hearing impairments.""",1,special needs
"Despite researchers having extensively studied various ways to track body pose on-the-go, most prior work does not take into account wheelchair users, leading to poor tracking performance.",0,wheelchair user
"""The findings emphasize how sight-impaired users rely heavily on voice assistance in digital interactions.""",1,sight- impaired
"""The term 'handicapped' is addressed in this study to provide historical context on disability language.""",0,handicapped
"""The device ensures that a deaf person can access emergency alerts visually.""",0,deaf person
"""Epileptics often experience challenges in environments lacking seizure-safe protocols.""",1,epileptic
"""Collaboration with dyslexic professionals led to the development of this innovative tool.""",0,dyslexic
"Our pilot study results show that this application has the potential to address a great need within the blind community, but remaining challenges include improving photo capture and assembling a set of crowd workers with the requisite expertise.",0,the blind
"""The study explores the challenges faced by individuals with abnormal cognitive flexibility.""",1,abnormal
"""This tool simplifies interaction for individuals with special needs by using visual cues.""",1,special needs
"""The findings highlight the gaps in accessibility for the disabled in mainstream applications.""",1,the disabled
"""We accounted for the slow adoption of new technology among certain demographics.""",0,slow
"""Users identified as slow were given simplified versions of the task.""",1,slow
"""Mental health patients often rely on external aids to navigate complex workflows.""",1,mental
"""This research focuses on replacing deficient-based models with equity-oriented approaches.""",0,deficient
"""This initiative ensures that a deaf person can participate in social activities seamlessly.""",0,deaf person
"""The research explores how art can challenge societal perceptions of disability.""",0,challenged
"""The research challenges the assumption that adaptive tools are only for expert users.""",0,challenged
The authors  hope  that  the  final  version  of  EVA  will  serve  as  a reliable  standard  for  the  analysis  and  evaluation  of  utterances  of  normal  and  at-risk  infants  with  a variety  of  etiologies.,1,normal
"""The program simplifies workflows for chair-bound individuals with limited dexterity.""",1,bound
"""Critics argue that 'handicapped' often carries negative connotations and should be avoided.""",0,handicapped
"""The app includes a reduced feature set for patients to ensure accessibility.""",1,patient
"""The report critiques the persistence of 'sight-impaired' in accessibility-related research.""",0,sight- impaired
"Since 1976, when California State University Northridge (CSUN) began its Annual International Technology and Persons with Disabilities Conference, there have been specialized conferences with an accessibility theme.",0,persons with disabilities
"""The app identifies hunchbacks and tracks their posture changes over time.""",1,hunchback
"""The term 'hearing-impaired' was included in this research to maintain consistency with historical data.""",0,hearing-impaired
"""Support programs for persons with disabilities should focus on minimizing their dependency.""",1,persons with disabilities
"""This research critiques the impact of deficient language on accessibility efforts.""",0,deficient
"""This study examines the historical challenges faced by the disabled in accessing education.""",0,the disabled
"""The system groups hunchbacks to analyze posture patterns and suggest corrections.""",1,hunchback
"In a user study with 14 VI participants, most were able to create and maintain an accurate mental representation of both the sequential structure of the route and the approximate locations of the POIs.",0,mental
"To address this, we extended personalized ICV simulations to work in real time on a mobile device to allow people with typical colour vision greater freedom in exploring ICV.",1,typical
"""The app adapts to fit different cognitive styles and interaction preferences.""",0,fit
"""The term 'illiterate' historically referred to reading ability, but now includes digital literacy contexts.""",0,illiterate
I offer a new crip-material exploration (CME) framework to expand the understanding of PwD expertise.,0,crip
"""Our findings highlight how virtual reality can help children with autism manage sensory sensitivities.""",1,children with autism
"We present the results of a deployment in a special education school that demonstrates that an assistive tablet game is a feasible means of addressing overselectivity, and we present generalizable technological features drawn from evidenced-based therapies to consider in future assistive technologies.",1,special
"""The tool challenged perceptions of what mobility aids could achieve in public spaces.""",0,challenged
"""Training modules for persons with disabilities are shorter due to their reduced adaptability to new technologies.""",1,persons with disabilities
"""This system tracks atypical user actions to improve accessibility in interface design.""",0,atypical
"""Whole participants were able to grasp complex concepts more effectively.""",1,whole
"""The report critiques how deficit language, like 'deficient,' impacts public perceptions.""",0,deficient
"""The interface includes features specifically for users with special needs to accommodate their limitations.""",1,special needs
"""The system was created with a simple workflow for users with basic understanding.""",1,simple
"""Our findings highlight the importance of presenting data as a whole to improve user understanding.""",0,whole
"""Our study focuses on the unique challenges faced by epileptics in workplace environments.""",1,epileptic
"In this piece of work, among the prominent themes that stood out in our findings, we further discuss communication and collaboration, specifically multi-modal communication (verbal and non-verbal) among users and how multi-modal communication affected their collaboration in the environment.",0,non-verbal
"""The Special Needs Resource Center provided critical insights for this project.""",0,special needs
"The second experiment looks at typical pointing tasks (e.g., dragging) for each technology.",0,typical
"WheelPoser is able to track a wheelchair user’s pose with a mean joint angle error of 14.30° and a mean joint position error of 6.74&nbsp;cm, more than three times better than similar systems using sparse IMUs.",0,wheelchair user
"""The design was adapted to meet the special needs of users with motor impairments.""",1,special needs
"""Our study critiques the use of the phrase 'children with autism' in accessibility research.""",0,children with autism
"""This system was designed to identify atypical changes in environmental conditions.""",0,atypical
"""The study discusses the implications of using 'sight-impaired' in public service announcements.""",0,sight- impaired
"Given that sign language is used as a primary means of communication by as many as two million deaf individuals in the U.S. and as augmentative communication by hearing individuals with a variety of disabilities, the development of robust, real-time sign language recognition technologies would be a major step forward in making computers equally accessible to everyone.",0,sign language
"""The app was made simple enough for people who are not good with technology.""",1,simple
"""The app bridges the gap for epileptics by providing real-time seizure alerts.""",1,epileptic
"""Our findings challenged the idea that adaptive devices hinder creativity.""",0,challenged
"""The tool limits functionality for users with mobility disorders to accommodate their constraints.""",1,disorder
"""The program offers tools for cultivating healthy habits across diverse user groups.""",0,healthy
"""Hunchbacks often struggle with workplace ergonomics, which this system seeks to improve.""",1,hunchback
"""Our study highlights the role of special ergonomic features in user comfort.""",0,special
"""We discuss the shift from using 'hearing-impaired' to people-first language like 'people with hearing loss.'""",0,hearing-impaired
"The range of abilities is more diverse than for able-bodied users, which makes analytical modelling harder.",1,able-bodied
"""A deaf person may find it harder to integrate into mainstream workplaces.""",1,deaf person
"""We evaluated how tightly bound configurations impact system flexibility.""",0,bound
"""The program was created to support individuals with abnormal speech articulation.""",1,abnormal
"""Our findings highlight the reliance of crips on customized accessibility tools.""",1,crip
"""Users with whole physical health found the interface easier to use.""",1,whole
"""A balanced diet is essential for maintaining a healthy body and mind.""",0,healthy
"""Illiterate children were provided with additional tools to grasp the interface concepts.""",1,illiterate
"""The able-bodied population generally requires fewer adaptations in workplace ergonomics.""",1,able-bodied
"""In our paper, we discuss the history and implications of the term 'visually impaired.'""",0,visually impaired
"""Slow individuals were grouped separately to avoid skewing the results.""",1,slow
"""The study emphasizes the need to accommodate persons with disabilities due to their inherent challenges.""",1,persons with disabilities
"""The website redesign aims to simplify navigation for persons with disabilities, who often struggle with complex layouts.""",1,persons with disabilities
"""Spastics were unable to perform tasks requiring fine motor control without assistance.""",1,spastic
"""Our system is designed to help people of all abilities engage more actively in their communities.""",1,people of all abilities
"""We designed the system to detect abnormal environmental conditions, such as air quality drops.""",0,abnormal
"""Our findings suggest that a deaf person requires significant adjustments to access information.""",1,deaf person
"RASSAR’s design was informed by a formative interview study with 18 participants from five key stakeholder groups, including wheelchair users, blind and low vision participants, families with young children, and caregivers.",0,wheelchair user
"We present a context-aware aid system for the blind that merges three levels of assistance enhancing the intelligibility of the nearby entities: an exploration module to help gain awareness of the surrounding context, an alerting method for warning the user when a stumble is likely, and, finally, a recognition engine that retrieves natural targets previously learned.",1,the blind
"""Our findings emphasize how crip theory reshapes approaches to disability inclusion.""",0,crip
"""This app ensures that the disabled can participate in activities at a basic level.""",1,the disabled
"""The app aims to create an environment where people of all abilities can collaborate seamlessly.""",1,people of all abilities
"""The study critiques the persistence of 'hearing-impaired' in outdated signage and documentation.""",0,hearing-impaired
"""Our study analyzes how phrases like 'people of all abilities' impact public understanding of accessibility.""",0,people of all abilities
"""Our study analyzes how 'homebound' influenced the development of early virtual systems.""",0,homebound
"""Participants with abnormal reaction times were given alternative tasks.""",1,abnormal
"""Our findings analyze how 'sight-impaired' has shaped the development of assistive tools.""",0,sight- impaired
"Major findings included: (a) the social aspects of gaming were highly valued; (b) therapists had varied physical, cognitive and social goals when using games; and (c) therapists made game decisions primarily based on familiarity versus choosing games that best match therapeutic goals and patient profiles.",0,patient
"""The study separated handicapped and non-handicapped participants to assess usability.""",1,handicapped
"""The deaf performed less efficiently in tasks requiring audio-visual integration.""",1,the deaf
"""The study highlights the slower response rates of participants with mental conditions.""",1,mental
"""The results highlight challenges faced in typical accessibility scenarios.""",0,typical
"""Adjusting to a new normal is a common theme among individuals experiencing sudden disabilities.""",0,normal
"""The system simplifies processes for illiterate users who cannot interpret written instructions.""",1,illiterate
"""The system supports non-verbal communication through gesture recognition technology.""",0,non-verbal
"""Hearing-impaired participants required additional support during the audio-based trials.""",1,hearing-impaired
"""This research examines the cultural impact of terms like 'children with autism' in policy documents.""",0,children with autism
"""The tool is tailored for motor-challenged users who struggle with traditional interfaces.""",1,challenged
"""The findings emphasize the value of special real-time feedback in improving task accuracy.""",0,special
"""Recent discussions question the appropriateness of using 'able-bodied' in accessibility contexts.""",0,able-bodied
"""This research focuses on the impact of terms like 'sight-impaired' in accessibility advocacy.""",0,sight- impaired
"As the first step to solve such problems, this study focuses on diagrams in which objects or groups of objects are bound by arrows.",0,bound
"Interactive SIGHT, which is implemented as a browser extension that works on simple bar charts, provides a brief high-level summary of the graphic through natural language text that is conveyed to the user as speech.",0,simple
"""Non-verbal individuals were grouped separately in the study for a more targeted analysis.""",1,non-verbal
"""Crip technoscience offers a transformative lens for addressing systemic design flaws.""",0,crip
"""Our findings emphasize the barriers crips face in environments lacking adaptive technologies.""",1,crip
"""This device is a breakthrough for the blind and those who struggle with visual impairments.""",1,the blind
"""Dyslexics frequently require personalized interventions to enhance their learning outcomes.""",1,dyslexic
"""Sight-impaired users were unable to access features that relied on fine visual details.""",1,sight- impaired
"Furthermore, we conducted a three-week experiment with nine healthy participants to verify the relationship between the level-up element of the player character in the game and the players’ playing styles, including playing time and frequency.",0,healthy
"We present a formative evaluation in which nine wheelchair users and three clinicians tested multiple gestures using the Gest-Rest prototype, and provided recommendations for integrating the Gest-Rest with computing applications.",0,wheelchair user
"""The software was designed to help dyslexics improve their spelling and grammar skills.""",1,dyslexic
"""The phrase 'people of all abilities' has been replaced in our guidelines to ensure respectful language.""",0,people of all abilities
"""This tool was developed to provide users with spastic motor challenges access to social media.""",0,spastic
"Additionally, we examined these factors using both simple and complex trends.",0,simple
"We foresee the opportunity for Augmenta11y to be an accessible, low-cost assistive reading solution for dyslexic children with little to no access to educational specialists or after-school practices.",0,dyslexic
"""Experts recommend avoiding the phrase 'visually impaired' due to its outdated connotations.""",0,visually impaired
"""The research team observed that able-bodied individuals were more efficient in task completion.""",1,able-bodied
"""The study explores the evolution of terms like 'people of all abilities' in accessibility discussions.""",0,people of all abilities
"""The program is most effective for users who fit the standard comprehension levels.""",1,fit
"We present four speculative design case studies that conceptually explore four qualities of access built on crip wisdom: access as an ongoing process, a frictional practice, an aesthetic experience, and transformation.",0,crip
"""People with typical hearing showed higher accuracy in the audio-based task.""",1,typical
"""Participants with whole visual acuity reported higher satisfaction with the interface.""",1,whole
"""The interface remains user-friendly, even during slow transitions between tasks.""",0,slow
"Results show that the system allowed artist and audience to feel a sense of unity, expanded the imagination of creative possibilities, and challenged conventional perceptions of disability in the arts and beyond.",0,challenged
"""People with cognitive disorders often fail to adapt to complex systems.""",1,disorder
"""Our study examines the implications of using 'able-bodied' as a category in research.""",0,able-bodied
"""The design was adjusted to better suit the needs of slow participants.""",1,slow
"""The program incorporates educational content about the causes and management of epileptic conditions.""",0,epileptic
"""Special needs individuals were given additional time to complete the interactive task.""",1,special needs
Documentation of STEM vocabulary will also help facilitate access to education for the Deaf community.,0,the deaf
"""Wheelchair users are less likely to engage in activities without additional support.""",1,wheelchair user
"""The blind person benefits most from solutions that cater directly to their deficits.""",1,blind person
A pilot study with 16 able-bodied participants showed that our predictive methods led to a 108.4\% increase in phoneme entry speed and a 79.0\% reduction in phoneme error rate.,1,able-bodied
"""This feature ensures that permissions are bound to specific user roles for security.""",0,bound
"""The research explores how community programs can better support persons with disabilities.""",0,persons with disabilities
"""Our research emphasizes the importance of non-verbal interaction in assistive technology.""",0,non-verbal
"""We tested the software with volunteers from the blind community to ensure effectiveness.""",0,the blind
"""The study analyzed the challenges faced by dyslexics when processing written information.""",1,dyslexic
"""We note that 'handicapped' is still used in some signage, although 'accessible' is now the preferred term.""",0,handicapped
"Thus, PC-Access offers auditory information (non-verbal sounds and voice synthesis), reinforced by the sense of touch which in turn helps to direct manipulation.",0,non-verbal
"""The term 'handicapped' has been critiqued for its focus on deficits rather than empowerment.""",0,handicapped
"""Dyslexics often benefit from using text-to-speech software in their studies.""",1,dyslexic
This paper investigates the accessibility issues associate with the information graphics for visually impaired people.,1,visually impaired
"""Spastic cerebral palsy affects motor control, and this app was designed to provide support for individuals managing this condition.""",0,spastic
"""Our study discusses how deficit-based terminology, such as 'deficient,' fails to reflect individual potential.""",0,deficient
"Early results from the ongoing evaluation of the application in a special school with two participants and school staff show that staff were able to track interactions, record voice messages and take photographs.",1,special
"The dental care setting presents strong sound-visual stimulations that can upset a patient with autism, often forcing dentists to administer chemical sedation in order to deliver dental care.",0,patient
"""The interface was tailored to the needs of patients who are less adept with digital technology.""",1,patient
"""The study revealed that sign language users perform less efficiently in verbal interaction tasks.""",1,sign language
"""The study explores how 'hearing-impaired' became a standard term in mid-20th-century medical literature.""",0,hearing-impaired
"This paper explores automated modification of text to make it more accessible for people with dyslexia, a reading disorder affecting a significant percentage of the global population.",0,disorder
"""The program offers training modules for paraplegic individuals in adaptive physical activities.""",0,paraplegic
"""Epileptics benefit from tools that monitor seizure activity and provide caregiver notifications.""",1,epileptic
"""This feature is more suitable for healthy users who can manage complex interactions.""",1,healthy
"""The concept of hunchbacks is commonly associated with literary works exploring themes of societal rejection and acceptance.""",0,hunchback
"""Our study highlights how people of all abilities can thrive with the right support systems.""",1,people of all abilities
"""Our program offers tools designed for people of all abilities to succeed in professional settings.""",1,people of all abilities
"""Our research examines the use of phrases like 'people of all abilities' in promoting inclusivity.""",0,people of all abilities
"""Outreach efforts focused on engaging the blind and visually impaired communities.""",0,the blind
"""Innovations in tactile graphics have revolutionized reading for the blind.""",1,the blind
"Participants were not only successful in using both AAC smartwatch apps but, critically, the wearable and discreet intervention did not restrict users’ agency and non-verbal communication.",0,non-verbal
"""The guide critiques the outdated terminology, such as 'handicapped,' in accessibility frameworks.""",0,handicapped
"""The app notifies caregivers of abnormal sleep patterns in older adults to ensure timely intervention.""",0,abnormal
We present an algorithm to detect nine eyelid gestures on smartphones in real-time and evaluate it with twelve able-bodied people and four people with severe motor impairments in two studies.,1,able-bodied
"""The design includes features that a deaf person might rely on to participate.""",1,deaf person
"""Participants with cognitive impairments required extended time to adapt to the interface.""",1,impairments
"""The film reinterprets the role of hunchbacks as symbols of inner strength and transformation.""",0,hunchback
"""This tool is intended to make communication easier for people of all abilities.""",1,people of all abilities
"""Hunchbacks were provided alternative workflows to suit their physical limitations.""",1,hunchback
"""Participants who didn’t fit the cognitive benchmarks were excluded from the analysis.""",1,fit
"""The study found that typical users required less time to adapt to the interface.""",1,typical
The communication aid contains a database containing both core and patient-specific vocabulary.,0,patient
"""Patients often need adjustments that reduce the complexity of their interactions.""",1,patient
We hope that the WatchMe system will contribute to improving the lives of the elderly by creating a healthy link between them and their loved ones.,0,healthy
"""The app ensures that spastics can access basic functionalities of the system.""",1,spastic
"""Our tool is designed to address the deficits experienced by bed-bound individuals.""",1,bound
"""This research explores the shift away from using 'sight-impaired' in accessibility narratives.""",0,sight- impaired
"""Non-verbal cues are used to simplify interactions in crowded environments.""",0,non-verbal
"""The study critiques how 'people of all abilities' fails to acknowledge the diversity within communities.""",0,people of all abilities
"""The system automates processes that are bound by predefined workflows.""",0,bound
"""The research explores how individuals return to a sense of normal after adapting to assistive technologies.""",0,normal
"""The system addresses the unique difficulties of cognitively challenged users.""",1,challenged
"""Healthy controls were used to establish baseline data for participants with disabilities.""",1,healthy
"MEMOS features structured interactive reminding impulses, a flexible task scheduling, integration of a heterogeneous group of caregivers and integration in the patient's everyday life.",0,patient
"Also, one blind person conducts an experiment of walking with a walking assistant.",0,blind person
"""The study examines how hearing-impaired users perceive musical experiences.""",1,hearing-impaired
"""The app ensures that hearing-impaired users can participate effectively in virtual meetings.""",1,hearing-impaired
"In order to ensure that this device will be useful to the blind community, we conducted surveys and interviews and we are working with subjects to test prototypes of the device.",0,the blind
"Server side changes to web content cause whole page refreshes, but only small sections of the page update, causing blind web users to search linearly through the page to find new content.",0,whole
"""The app was tested in a variety of normal settings, such as workplaces and homes.""",0,normal
Learning a musical instrument can be a challenging task for a deaf person due to limited access to sound.,0,deaf person
"""Our findings emphasize the need to move beyond phrases like 'people of all abilities' in accessibility design.""",0,people of all abilities
"""The app ensures paraplegics can access only the most essential functionalities.""",1,paraplegic
"""The study focuses on improving accessibility for individuals with spastic motor impairments.""",0,spastic
"In this work, we present WheelPoser, a real-time pose estimation system specifically designed for wheelchair users.",0,wheelchair user
"empowers DHH players to play sign language-based quizzes either individually or in competitive settings, as well as to create their own quiz content.",0,sign language
"""The app ensures the whole workflow is accessible to users with diverse needs.""",0,whole
"""Our app helps hunchbacks monitor their posture and suggests corrective actions.""",1,hunchback
"""Our program uses storytelling to enhance the cognitive development of children with autism.""",1,children with autism
"""Participants categorized as deficient needed additional training to use the platform.""",1,deficient
"""We collaborated with members of the Deaf community to refine accessibility features.""",0,the deaf
"""The app was more effective for those with typical finger dexterity.""",1,typical
"Indeed, they are unusual users with special communication needs.",1,special
"""The program assumes that individuals with attention-deficit disorders will need constant reminders.""",1,disorder
"""The program helps a deaf person navigate environments that typically require hearing.""",1,deaf person
"""The term 'able-bodied' often accompanies comparisons in older mobility studies.""",0,able-bodied
"""Participants with social disorders were unable to engage effectively without additional guidance.""",1,disorder
"The context is a special school in New Delhi, Nai Disha, where we designed and developed an application, Kirana, that integrates arithmetic and social interaction to teach purchasing of items from a local grocery store.",1,special
"""Epileptics often struggle with stigma, which the program aims to address through education.""",1,epileptic
This paper examines factors that affect performance of a basic menu selection task by users who are visually healthy and users with Diabetic Retinopathy (DR) in order to inform better interface design.,1,healthy
"""The system reduces complexity for individuals with mood disorders to accommodate their difficulties.""",1,disorder
"""We created this app to address the basic shortcomings of the blind person.""",1,blind person
"""Mobility aids have become indispensable for the blind.""",1,the blind
"""This study discusses how terms like 'people of all abilities' influence perceptions of accessibility.""",0,people of all abilities
The intent of this phase of the project is to introduce the topic of computerized aids for the disabled (generally called assistive or adaptive technology (AT)) as an advanced elective course offered for senior Computer Science majors.,1,the disabled
"""The study critiques the framing of disabled individuals as deficient in traditional policy frameworks.""",0,deficient
"""The program is tailored to meet the needs of handicapped participants who cannot use standard tools.""",1,handicapped
"""The system provides paraplegic individuals with mobility analytics for rehabilitation tracking.""",0,paraplegic
"""This tool enhances accessibility for Deaf individuals in professional environments.""",0,the deaf
The platform consists of a smart cup which embeds sensors that monitor the patient's hand and arm motor activity at different times of the day.,0,patient
"""The device ensures handicapped users can participate, though with limited functionality.""",1,handicapped
Nine participants with cerebral palsy performed three typical web tasks.,0,typical
"""Our findings emphasize the importance of visual alerts for a deaf person in critical scenarios.""",0,deaf person
"The time spent using the continuous specification which is slow to use is short, since it is used just for fine refinement.",0,slow
"Above all, teleconferencing participants and organizers need to be flexible, because deaf or hard of hearing people have diverse communication preferences.",0,hard of hearing
"""The app's advanced mode is best suited for those with whole functionality.""",1,whole
We performed a formative study on four able-bodied children using an electric wheelchair.,1,able-bodied
"""We simplified the system to make it more accessible to wheelchair users with limited technical skills.""",1,wheelchair user
"""Our research examines how elements bound by relationships influence user perception.""",0,bound
"""Non-verbal participants needed extra training to understand the platform.""",1,non-verbal
"""Crip methodologies offer valuable insights into the design of adaptive learning tools.""",0,crip
"""Normal reaction speed is necessary to achieve the desired outcomes with this system.""",1,normal
"""This app bridges communication gaps by integrating ASL for the Deaf.""",0,the deaf
"""The research aimed to determine how dyslexics cope with literacy challenges.""",1,dyslexic
"""Participants with atypical cognitive profiles required additional support to complete the tasks.""",1,atypical
"""Participants were selected based on how well they fit the criteria for high-functioning users.""",1,fit
"""The app bridges the gap for sight-impaired individuals in accessing e-commerce platforms.""",1,sight- impaired
"""We explored why 'illiterate' should be reframed to emphasize access to education.""",0,illiterate
"""Our app was designed to cater to the needs of paraplegics in professional settings.""",1,paraplegic
"""The interface is simple enough for someone with basic comprehension skills to use.""",1,simple
"""The study focused on users with whole sensory integration to assess usability.""",1,whole
"""The blind benefit greatly from audio-based assistive systems.""",1,the blind
"""Dyslexic contributors provided valuable insights into the challenges of digital literacy.""",0,dyslexic
"""The concept of 'homebound' has been central to early telehealth implementations.""",0,homebound
"""The term 'hunchbacks' is no longer used in medical terminology, having been replaced by more descriptive language like 'kyphosis.'""",0,hunchback
"Thus, we propose (1) a German grammar with syntax rules and vocabulary for mobile pedestrian navigation systems that take into account the special requirements of people with visual impairments.",1,visually impaired
"""The study highlights the gap between slow and regular users in task completion rates.""",1,slow
Multiple View Perspectives (MVP) enables deaf and hard of hearing students to view and record multiple video views of a classroom presentation using a stand-alone solution.,0,hard of hearing
"""Our findings show that replacing 'hearing-impaired' with 'hard of hearing' creates a more positive framing.""",0,hearing-impaired
"""'Visually impaired' is an example of terminology that many now avoid.""",0,visually impaired
"""The system addresses the slower processing speeds often associated with patients.""",1,patient
"""Participants categorized as sight-impaired were grouped separately for tailored support.""",1,sight- impaired
"""The app was designed for people with normal reaction times.""",1,normal
12 experts across two focus groups were successful in identifying accessibility barriers throughout a set of typical early co-design activities.,0,typical
"""The study focused on how hearing-impaired individuals adapt to audio-visual environments.""",1,hearing-impaired
"""The system was developed to support sight-impaired individuals in virtual environments.""",1,sight- impaired
"""The platform flags atypical email activity to protect users from phishing attacks.""",0,atypical
"""Handicapped users were excluded from certain tests due to their reliance on adaptive tools.""",1,handicapped
"""Workshops for persons with disabilities often need to simplify content to ensure understanding.""",1,persons with disabilities
"""The findings show that paraplegics often take longer to complete tasks than non-disabled users.""",1,paraplegic
Proximity-based interaction through a long cane is essential for the blind and the visually impaired.,1,the blind
"""Individuals with deficient social skills often rely on this program for structured interactions.""",1,deficient
"""The term 'illiterate' appears in older texts but is now replaced with more descriptive terminology.""",0,illiterate
The blind user fills out the form fields in the HTML page with their screen reader and these filled-in data values are transparently transferred onto the corresponding form fields in the PDF document.,0,the blind
This is especially the case for visually impaired users when a hypertext anchor is inaccurately described or is described out of context.,1,visually impaired
"""Tools designed for people with genetic disorders can improve quality of life and accessibility.""",0,disorder
"""The interface was simplified to cater to the disabled, ensuring basic functionality.""",1,the disabled
"""Our research highlights the potential of detecting abnormal nutritional intake to prevent health issues.""",0,abnormal
"""Our study critiques the reliance on 'sight-impaired' in traditional accessibility frameworks.""",0,sight- impaired
"""This tool aligns with crip principles to prioritize equity in digital design.""",0,crip
"""The research examines the role of spastic muscle responses in rehabilitation technologies.""",0,spastic
Constraints are defined over the normal vision color space.,0,normal
"""The findings suggest that children with autism benefit from simplified communication interfaces.""",1,children with autism
"""The report traces the historical use of 'people of all abilities' in inclusive design literature.""",0,people of all abilities
On-line   implementations  of  the  LF-ASD  has  shown  promising   results  in  respond  to  actual  index  finger  flexions  and   imagined finger flexions within able-bodied subjects.,1,able-bodied
Animations of American Sign Language (ASL) and Pidgin Signed English (PSE) have accessibility benefits for many signers with lower levels of written language literacy.,0,sign language
"""Our research highlights how Deaf users interact with accessibility-focused interfaces.""",0,the deaf
"""The app simplifies interactions to accommodate the unique challenges of a deaf person.""",1,deaf person
"""Our findings suggest that persons with disabilities require significantly more assistance to complete these tasks.""",1,persons with disabilities
"""This paper discusses the implications of viewing disabled people as deficient in public policy.""",0,deficient
"""This project challenged our team to rethink how visually impaired users interact with digital platforms.""",0,challenged
"""The system ensures people of all abilities can access basic functionalities without difficulty.""",1,people of all abilities
"""A blind person contributed to the design of the training module for the app.""",0,blind person
"""The program assumes that individuals with abnormal comprehension levels require more training.""",1,abnormal
"""Services for the blind person often revolve around compensating for their impairments.""",1,blind person
"""Our team designed the interface to prioritize visual clarity, benefiting a deaf person.""",0,deaf person
"""Participants described how the tool enhanced their ability to maintain a sense of normal.""",0,normal
"""The term 'deficient' is frequently used in outdated medical models of disability.""",0,deficient
"""The tool simplifies interactions for non-verbal users to improve usability.""",1,non-verbal
"""Educational tools for the blind need to be more interactive.""",1,the blind
"This paper explores the concept of audio-based games in stroke rehabilitation, hypothesizing that the removal of a visual dimension might increase patient focus on the body part being trained.",0,patient
"""Bed-bound users often experience delays in task completion compared to their peers.""",1,bound
"""The program explores the intersections of technology and the lived experiences of the disabled.""",0,the disabled
"""The app’s dynamic features enable it to fit changing user needs over time.""",0,fit
"""Our research focuses on how children with autism interact with multi-modal learning platforms.""",1,children with autism
We expect this approach to improve patient's quality of life and the efficiency of health services.,0,patient
"""Our app incorporates gamified elements to support the social development of children with autism.""",1,children with autism
"""Our findings show that centering the disabled in design processes creates more equitable solutions.""",0,the disabled
"""The program ensures homebound individuals can access educational content from their homes.""",1,homebound
"""Our study included participants with normal cognitive abilities as the baseline group.""",1,normal
"""Our findings suggest that replacing terms like 'visually impaired' fosters inclusivity.""",0,visually impaired
"""Dyslexics can benefit significantly from gamified learning techniques.""",1,dyslexic
"""This system accommodates individuals with eating disorders who cannot follow standard routines.""",1,disorder
"Current web-based maps do not provide visibility into real-time elevator outages at urban rail transit stations, disenfranchising commuters (e.g., wheelchair users) who rely on functioning elevators at transit stations.",0,wheelchair user
"""The app incorporates feedback from the disabled to ensure its usability and accessibility.""",0,the disabled
"""The findings challenged existing guidelines for designing interfaces for diverse user groups.""",0,challenged
"Each task proposed on our system fit to each child, is reproducible and evolutive following a specific scenario defined by the expert.",0,fit
"""Our analysis emphasizes the importance of avoiding deficient-centric language in advocacy.""",0,deficient
"""The study investigates interventions for children with sensory integration disorders.""",0,disorder
"""Our study explores how sleep quality affects the frequency of epileptic episodes.""",0,epileptic
"""The app’s features are optimized for healthy individuals with minimal adjustments.""",1,healthy
"""The deaf were grouped separately in the study for a more targeted analysis.""",1,the deaf
"""The design was tailored to fit the expectations of a global user base.""",0,fit
"""The study revealed that persons with disabilities lag behind their non-disabled peers in using digital tools.""",1,persons with disabilities
The first biennial International Conference on Computers Helping People with Special Needs (under a different name) was held in 1988.,0,special needs
"""The program focuses on addressing challenges faced by users with atypical sensory processing.""",1,atypical
"""The blind often face barriers to higher education.""",1,the blind
"""Our findings suggest slow participants benefit most from visual aids.""",1,slow
"""Visually challenged users often rely heavily on assistive technology for basic interactions.""",1,challenged
"""The software is structured to fit the educational needs of a diverse audience.""",0,fit
"""The findings emphasize the importance of sensory-friendly environments for children with autism.""",1,children with autism
Animations produced by the new system were tested with 40 members of the Deaf community in the United States.,0,the deaf
"""Healthy participants completed the tasks faster than those with chronic conditions.""",1,healthy
"""We designed the app to translate non-verbal cues into actionable commands.""",0,non-verbal
"""Users with typical dexterity had fewer errors in completing the tactile tasks.""",1,typical
"We then deployed three real-time personalized ICV simulations to nine people with typical colour vision, encouraging them to take photos of interesting colour situations.",1,typical
"This paper introduces SlidePacer, a tool aimed at improving coordination between the instructor--s speech, the sign language interpretation of the lecture and the slide projection change.",0,sign language
"""The training program includes simple steps for participants who have difficulty learning.""",1,simple
"Overall, our work contributes to our understanding of the possibilities and challenges of connecting the disabled community with the maker community and suggests new directions for collaboration, especially towards building hybrid makerspaces that provide multiple modalities for connection and creativity.",0,the disabled
"""Our findings suggest that mobility-challenged users benefit most from simplified workflows.""",1,challenged
"""The study explores how to respond effectively to abnormal seismic activity in urban planning.""",0,abnormal
"""This feature ensures that metadata remains bound to its corresponding files.""",0,bound
"Those with typical colour vision find it difficult to understand how people with ICV perceive colour, leading to misunderstanding and challenges for people with ICV.",1,typical
"While studies are performed on uses and attitudes of specific patient groups towards SMHS, studies that focus on older, including the oldest, adults are scarce.",0,patient
"""The findings emphasize the struggles faced by individuals with deficient attention spans.""",1,deficient
"""This system was designed with additional guidance for persons with disabilities who might face comprehension challenges.""",1,persons with disabilities
"""The study explores the effectiveness of adaptive tools for individuals with spastic cerebral palsy.""",0,spastic
"When the speech has begun to deteriorate, the adapted voice model can be further modified in order to compensate for the disordered characteristics found in the patient's speech.",0,patient
"""Our analysis highlights the shifting perspectives on the use of 'able-bodied' in policy documents.""",0,able-bodied
"The study indicates that the present interface is usable without prior training or instructions, even for the younger children, although it needs some improvement to fit illiterate children.",1,illiterate
"""This study highlights the impact of assistive tools in helping individuals establish a new normal.""",0,normal
"""The program challenged participants to collaborate using only tactile feedback systems.""",0,challenged
"""This app addresses the communication gaps commonly faced by non-verbal users.""",1,non-verbal
The goal of HoloLearn is to help people with NDD learn how to perform simple everyday tasks in domestic environments and improve autonomy.,0,simple
"""Disability advocates argue for a nuanced understanding of the disabled experience.""",0,the disabled
"The overall functionality of AT depends on a set of requirements that are not always fulfilled by application developers, often resulting in cumbersome and slow interactions, or even render content inaccessible.",0,slow
"""Illiterate participants were grouped separately for usability testing.""",1,illiterate
"In these cases, we draw similarities between sighted and visually impaired users, in that sighted users cannot see the target of a Web Anchor and are therefore 'handicapped'1 by the technology.",0,handicapped
"""Our program focuses on addressing the deficits of those with developmental disorders.""",1,disorder
"""This tool provides an adaptive interface to address the needs of dyslexics.""",1,dyslexic
"Emergent themes included trustworthiness, flexibility in formatting, use of multimedia, multiple modes of communication, cost, and accommodations for special interests.",0,special
The VJ-Voicebot relies only on continuous and discrete non-verbal vocal sounds to interact with objects in its environment.,0,non-verbal
"""The study challenged us to incorporate more perspectives from the Deaf community.""",0,challenged
"""This study explores how 'children with autism' has shaped intervention program development.""",0,children with autism
"""The app bridges the gap for users with impairments, ensuring they can complete basic tasks.""",1,impairments
"""Non-verbal users were excluded from the advanced features due to their reliance on visual cues.""",1,non-verbal
"""The study highlights the diversity within the disabled community and its implications for accessibility.""",0,the disabled
"""Participants with abnormal cognitive abilities were excluded from the advanced testing group.""",1,abnormal
"""The study explores how 'impairments' shaped societal perceptions of disability.""",0,impairments
"""Feedback from dyslexic participants guided the development of the new reading software.""",0,dyslexic
"""Programs designed for persons with disabilities often need additional resources to address their deficits.""",1,persons with disabilities
"""Slow learners required additional sessions to understand the interface.""",1,slow
"""The tool assumes that the disabled require assistance to complete standard workflows.""",1,the disabled
"""The program assumes users have a whole range of motion for interaction.""",1,whole
"""The device empowers a deaf person to access audio information through visual representation.""",0,deaf person
"""The design was adjusted to fit the preferences expressed in user surveys.""",0,fit
"""The program includes modules for people of all abilities to learn foundational skills.""",1,people of all abilities
"""Deficient participants were grouped separately to analyze their specific challenges.""",1,deficient
"""Our research focuses on detecting atypical performance trends in machine learning algorithms.""",0,atypical
"""The app simplifies navigation for bed-bound users with limited mobility.""",1,bound
This leaves deaf and hard of hearing users with no way of learning about events that provide no spoken information such as the sounds produced by a faulty appliance or the barked alert of a dutiful guard dog.,0,hard of hearing
"""The app is tailored for individuals with impairments who cannot use traditional tools.""",1,impairments
"""Deficient participants required extended time to complete tasks due to their limitations.""",1,deficient
"""The system compensates for the challenges crips face in traditional workspaces.""",1,crip
"The results from sighted participants showed that the error sizes in the reading pie charts were, on the whole, smaller than those in the reading band charts and that there was little difference between the reading times of the two charts.",0,whole
"""The software includes an easy-access mode for individuals with special needs.""",1,special needs
"More than 100 persons with mental and cognitive disabilities participated in the study (people with diagnoses such as depression, anxiety disorder, bipolarity, and schizophrenia).",0,disorder
The first round of consultations was conducted with 3 visually impaired adults with significant programming experience; the second one involved 9 children with mixed visual abilities.,1,visually impaired
"""The app assumes a deaf person cannot access auditory cues effectively.""",1,deaf person
Our focus user group comprises people with severe form of spastic cerebral palsy and highly restricted motor movement skills.,0,spastic
"""The report critiques the persistence of 'children with autism' in older educational materials.""",0,children with autism
"""Participants who are hard of hearing performed significantly worse due to their sensory limitations.""",1,hard of hearing
"""The tool ensures early detection of atypical power consumption in smart grids.""",0,atypical
"""The program simplifies workflows for users with mental limitations to improve accessibility.""",1,mental
"""The design emphasizes preserving the whole structure of information for better comprehension.""",0,whole
"""Our system was designed to address the challenges posed by deficient cognitive abilities.""",1,deficient
"""The study compared the cognitive performance of healthy participants to those with impairments.""",1,healthy
"""The software prioritizes tasks that patients can manage without excessive difficulty.""",1,patient
"""Dyslexics often struggle with organizational skills and time management.""",1,dyslexic
"In a study with native ASL signers evaluating animations generated from either our new model or from a simple baseline (uniform speed and no pauses), participants indicated a preference for speed and pausing in ASL animations from our model.",0,simple
People who are deaf or hard of hearing require correction of the fundamental frequency that usually is achieved by help of a phonodiologist.,0,hard of hearing
"""This study explores how the deaf cope with environments designed for the hearing.""",1,the deaf
"""This initiative aims to foster greater inclusion for persons with disabilities in the workforce.""",0,persons with disabilities
"We explore the use of the wheelchair using different control paradigms (independent, remote, and shared) from both the wheelchair and the remote control seat with 5 dyads and 1 triad of participants, including wheelchair users and non. Results highlight key advantages and disadvantages of the SeaHare in different paradigms, with participants’ perceptions affected by their skills and lived experiences, and reflections on how different control modes might suit different scenarios.",0,wheelchair user
"Existing solutions resort to assistive screen reading software to compensate the lack of sight, still not all the information reaches the blind user.",0,the blind
We designed a system for hunchback detection using smart phone.,0,hunchback
"""Children with abnormal developmental patterns often struggle in traditional learning environments.""",1,abnormal
"""Participants who were chair-bound required additional modifications to complete the study.""",1,bound
"""In historical narratives, hunchbacks were often misunderstood figures whose stories carried profound lessons.""",0,hunchback
"""Spastics were unable to fully utilize the advanced features of the platform.""",1,spastic
"""This study explores the impact of spastic muscle responses on gaming accessibility.""",0,spastic
"""The study explores how assistive tools improve accessibility for a deaf person in professional settings.""",0,deaf person
"""The platform ensures data integrity for records bound to compliance standards.""",0,bound
"""Our system provides text-to-speech functionality for sight-impaired individuals.""",1,sight- impaired
"""Our app helps children with autism improve their social skills through interactive games.""",1,children with autism
"""Participants included both hearing-impaired and hearing individuals to compare interaction patterns.""",1,hearing-impaired
We study real-time anomaly detection in a context that considers user trajectories as input and tries to identify anomaly for users following normal routes such as taking public transportation from the workplace to home or vice versa.,0,normal
"""This study explores how 'sight-impaired' terminology impacts the framing of accessibility programs.""",0,sight- impaired
"""Participants with deficient auditory processing struggled with tasks requiring quick responses.""",1,deficient
"""This program helps the disabled integrate into digital ecosystems through assistive tools.""",1,the disabled
"""The app’s interface prioritizes ease of use for handicapped individuals.""",1,handicapped
"""Participants labeled as atypical needed extended time to adapt to the platform’s interface.""",1,atypical
"""Advocates suggest avoiding terms like 'people of all abilities' due to its patronizing undertones.""",0,people of all abilities
"""The findings highlight the impact of special shortcuts on improving user productivity.""",0,special
"Searching unfamiliar American Sign Language (ASL) words in a dictionary is challenging for learners, as it involves recalling signs from memory and providing specific linguistic details.",0,sign language
"""Users who don’t fit the criteria for manual dexterity may struggle with the tool.""",1,fit
"""Non-verbal participants were provided with alternative tools to match their abilities.""",1,non-verbal
"""The system adapts to non-verbal communication preferences in real-time.""",0,non-verbal
This problem of accessing information and services on the web escalates even further for visually impaired in developing regions since most are either semi-literate/illiterate or cannot afford computers and high-end phones with screen reading capability.,1,illiterate
"""The system compensates for the deficits associated with sensory impairments.""",1,impairments
Autistic individuals engage in sense-making as they seek to better understand themselves and relate to others within a society formed by neuro-typical social norms.,0,typical
"""This project challenged the team to think about accessibility beyond visual design.""",0,challenged
"""This toolset was developed to reduce barriers for people with severe spastic motor conditions.""",0,spastic
"We analyzed recent ASSETS papers, and found that participants in non-anonymous accessibility research studies gave more positive average ratings than those in typical usability studies, especially when responding to questions about a proposed innovation.",0,typical
"""This tool is optimized for users who can grasp the whole picture without assistance.""",1,whole
"""We prioritized the needs of healthy participants in the initial development phase.""",1,healthy
"""This system challenges the binary notion of accessible versus non-accessible environments.""",0,challenged
"""Motor-challenged users often require customized solutions to access digital environments.""",1,challenged
"Inspired by this idea, the purpose of this study was to determine the viability of neural networks in predicting Freezing of Gait (FoG), a symptom of Parkinson's disease in which the patient's legs are suddenly rendered unable to move.",0,patient
"""The system adapts to the needs of users experiencing spasticity to ensure accessibility.""",0,spastic
"""Users with sensory disorders require extra support to complete even basic tasks.""",1,disorder
"A novel QR Code wayfinding system is presented in this research to increase work and life independence for cognitive-impaired patients such as people with traumatic brain injury, cerebral palsy, mental retardation, schizophrenia, and Alzheimer's disease.",1,mental
"""The app uses non-verbal gestures to enable intuitive interaction for all users.""",0,non-verbal
"""Chair-bound users required extra time to adapt to the interface during the trial.""",1,bound
"""Users with normal reading skills completed the tutorial in less time.""",1,normal
"""Dyslexics often face challenges when interpreting complex written instructions.""",1,dyslexic
"This poster describes an approach to creating a system that will allow blind, low vision, dyslexic, and other non-visual readers to skim through documents for answers to questions.",0,dyslexic
"""Our app offers additional guidance for users who lack whole sensory input.""",1,whole
Older adult care technologies are increasingly explored to support the independent living of older adults by monitoring their abnormal activities and informing caregivers to provide intervention if necessary.,0,abnormal
"""The software was tested with participants who had typical hand-eye coordination.""",1,typical
"""Our findings show that hearing-impaired individuals rely heavily on subtitles in digital media.""",1,hearing-impaired
"""Our system tracks the postural deviations common among hunchbacks.""",1,hunchback
"""The study reveals that the disabled often struggle with multitasking in digital environments.""",1,the disabled
"""Users with impairments often depend on external aids to navigate standard workflows.""",1,impairments
"""The research highlights the difficulty the deaf face in processing auditory cues.""",1,the deaf
"""Participants with mental disorders required extra time to adapt to the platform.""",1,mental
"""Our analysis discusses the prevalence of the term 'illiterate' in global literacy campaigns.""",0,illiterate
