Sentence,Manual_Annotation,Matched_Terms
We conducted interviews with special educators in elementary schools to learn about the pros and cons of current writing assistive technologies that are used in classrooms for math.,1,special
"Server side changes to web content cause whole page refreshes, but only small sections of the page update, causing blind web users to search linearly through the page to find new content.",0,whole
"However, current technologies force Deaf participants to use English instead of their preferred language, which is American Sign Language (ASL).",0,sign language
The communication aid contains a database containing both core and patient-specific vocabulary.,0,patient
"EyeDraw incorporates computer-control and software application advances that address the special needs of people with motor impairments, with emphasis on the needs of children.",1,special needs
"We describe a brief history of the game, an overview of recent user studies, and the results of recent work on the problem of continuous, user-independent sign language recognition in classroom settings.",0,sign language
"We also show that this approach empowers deaf and hard of hearing students by virtue of its low cost, flexibility, and ease of use in the classroom.",0,hard of hearing
An existing cash dispenser was implemented with speech output to give access to blind and visually impaired people.,1,visually impaired
"TranslatAble is highly flexible and person-centered, which allows it to adapt to fit the unique needs of each user's unique communication needs.",0,fit
We conducted 12 play sessions with 12 children (4 girls and 8 boys) with diverse backgrounds belonging to three different schools for the blind.,1,the blind
Real-time captioning provides people who are deaf or hard of hearing access to speech in settings such as classrooms and live events.,0,hard of hearing
"Captions (subtitles) for television and movies have greatly enhanced accessibility for Deaf and hard of hearing (DHH) consumers who do not understand the audio, but can otherwise follow by reading the captions.",0,hard of hearing
"After a long history of being viewed as a children's disorder, it is now recognized that Attention-Deficit/Hyperactivity Disorder (ADHD) can affect adults as well.",0,disorder
"To assess the effectiveness of the proposed system, it was tested with 4 participants and the result confirmed the feasibility of the proposed system as a wayfinding aid for the visually impaired.",1,visually impaired
"While studies are performed on uses and attitudes of specific patient groups towards SMHS, studies that focus on older, including the oldest, adults are scarce.",0,patient
"Through a real-world user study with six wheelchair users, we found Embodied Exploration&nbsp;is able to facilitate remote and accurate accessibility assessment.",0,wheelchair user
We examined a learning system to study handwriting of Japanese sentences in special needs education.,1,special needs
"This paper presents the ATLAS Editor for Assisted Translation (ALEAT), a novel tool for the Computer Assisted Translation (CAT) from Italian written language to Italian Sign Language (LIS) of Deaf People.",0,sign language
The HandSight project investigates how wearable micro-cameras can be used to augment a blind or visually impaired user--s sense of touch with computer vision.,1,visually impaired
"Communication Access Realtime Translation (CART) is a commonly used real-time captioning technology used by deaf and hard of hearing (DHH) people, due to its accuracy, reliability, and ability to provide a holistic view of the conversational environment (e.g., by displaying speaker names).",0,hard of hearing
Deaf and hard of hearing (DHH) individuals face barriers to communication in small-group meetings with hearing peers; we examine generation of captions on mobile devices by automatic speech recognition (ASR).,0,hard of hearing
This article presents recent progress with design of sign language synthesis and avatar animation adapted for the web environment.,0,sign language
Our results on real desktop applications demonstrate that Capture provides low runtime overhead and much more complete recording of onscreen text than modern desktop screen readers used for visually impaired users.,1,visually impaired
"People who are blind or visually impaired face difficulties accessing a growing array of everyday appliances, needed to perform a variety of daily activities, because they are equipped with electronic displays.",1,visually impaired
"It would be better if such tools paid more attention to real usability, especially on time-oriented usability factors, such as the speed to reach target content, the ease of understanding the page structure, and the navigability, in order to help Web designers to create not simply compliant pages but also usable pages for the blind.",1,the blind
"Above all, teleconferencing participants and organizers need to be flexible, because deaf or hard of hearing people have diverse communication preferences.",0,hard of hearing
"We present the results of a deployment in a special education school that demonstrates that an assistive tablet game is a feasible means of addressing overselectivity, and we present generalizable technological features drawn from evidenced-based therapies to consider in future assistive technologies.",1,special
The usability study of this tool was conducted with 15 parents of the visually impaired students.,1,visually impaired
"MobileASL is a video compression project for two-way, real-time video communication on cell phones, allowing Deaf people to communicate in the language most accessible to them, American Sign Language.",0,sign language
"In a typical elementary mathematics(math) class, Students with Writing Disabilities (SWD) operate at a disadvantage.",0,typical
"The aim is to reach a wide audience of both sighted and visually impaired users and to engage them, thanks to game elements, in playing over time, so that it is possible to evaluate how the performance of each sonification technique is affected by practice.",1,visually impaired
"More importantly, we show that by analysing novel dynamic performance features detailing timing and constructional aspects of each response, significant performance deficits can be noted in drawings made by clinically diagnosed neglect subjects that would have been classified as 'normal' using conventional static analysis, thus improving the sensitivity of the assessment.",0,normal
"This experience report describes the accessibility challenges in using the top seven most popular Automatic Speech Recognition (ASR) applications on personal devices for commands and group conversation, by five deaf, hard of hearing and hearing participants, including the authors.",0,hard of hearing
"Based on our findings, we discuss future opportunities and challenges for detecting people in dynamic scenes, and for communicating that information to visually impaired users.",1,visually impaired
"We present a formative evaluation in which nine wheelchair users and three clinicians tested multiple gestures using the Gest-Rest prototype, and provided recommendations for integrating the Gest-Rest with computing applications.",0,wheelchair user
"Therefore, we suggest two well-known methods, focus groups and online studies, as a two-way information exchange between research and the Deaf community.",0,the deaf
The intent of this phase of the project is to introduce the topic of computerized aids for the disabled (generally called assistive or adaptive technology (AT)) as an advanced elective course offered for senior Computer Science majors.,1,the disabled
"Artificial Intelligence (AI) for accessibility is a rapidly growing area, requiring datasets that are inclusive of the disabled users that assistive technology aims to serve.",0,the disabled
It aims to provide context-responsive recommendation of American Sign Language (ASL) in real-time for hearing parents during face-to-face joint play with their DHH children.,0,sign language
The lack of financial incentives plays in the slow growth of the plugin ecosystem.,0,slow
WWTW presents a whole new set of opportunities for delivering information and services to the visually impaired.,1,visually impaired
"We describe the interaction concept we envision, first insights from proof-of-concept tests with a visually impaired participant, and provide an overview of potential application scenarios.",1,visually impaired
"However, traditional techniques of providing this information to individuals who are visually impaired are cumbersome and slow.",1,slow
Results from a needs finding study with visually impaired individuals formed the design of the system.,1,visually impaired
"We first discuss the difficulties that blind people face in trying to lie in society, because of the lack of accessible information resources, and then consider the potential of the Web as a new information resource for the blind.",0,the blind
"Based on these findings, we discuss how online tests can be better leveraged to support people with cognitive or mental disabilities before and after professional diagnosis.",0,mental
"Research projects, assistive technology, and individuals all create metadata in order to improve Web accessibility for visually impaired users.",1,visually impaired
"In this paper, we explore the hidden lives of neurodiverse technology workers, e.g., those with autism spectrum disorder (ASD), attention deficit hyperactivity disorder (ADHD), and/or other learning disabilities, such as dyslexia.",0,disorder
These range from simple textual additions to the VRML file to scripts which aid in the creation of more accessible worlds.,0,simple
"Our findings reveal that sonification can intuitively convey simple patterns and trends in math graphs with a little practice, be useful to introduce the discontinuities, and be more effective with descriptions of the sound and graphs.",0,simple
This paper presents an approach for carrying out gesture recognition for the Brazilian Sign Language Manual Alphabet.,0,sign language
The white cane is used as one of the options for mobility by people who are blind or visually impaired (BVI) but it comes with limitations like the lack of overhead detection and recognition of safety hazards.,1,visually impaired
"Because the characteristics of their speech differ significantly from those of the typical speech, in order to recognize the speech of a user with a disorder, the system needs to be trained with the user’s speech in advance.",1,typical
The concept with discrete thermal encoding can help the hearing and visually impaired individuals to obtain directional and other notifications from mobile and IoT devices.,1,visually impaired
"Another interesting aspect is that the clutter-free main content of a web page, that is produced by the Readability tool and the ""Reader"" feature of the Safari browser, emerges as a special case of the thematic segments created by our technique.",0,special
A simple experiment comparing the resulting text entry capabilities to conventional row-column scanning shows that the entry rate can be increased by over 30 \%.,0,simple
"A novel QR Code wayfinding system is presented in this research to increase work and life independence for cognitive-impaired patients such as people with traumatic brain injury, cerebral palsy, mental retardation, schizophrenia, and Alzheimer's disease.",1,mental
We expect this approach to improve patient's quality of life and the efficiency of health services.,0,patient
We conducted a study in which we observed 17 blind or visually impaired participants using the Uber ridesharing service to explore the social and accessibility dynamics they perceived during their experiences.,1,visually impaired
"We found that participants with visual impairment were less sensitive to usability problems than participants in a typical student sample, and that their subjective ratings didn't correlate as strongly with objective measures of performance.",1,visually impaired
"Captions placed on slides support deaf and hard of hearing (DHH) people to understand spoken contents, but simultaneously comprehending and associating visual contents on slides and caption text could be challenging.",0,hard of hearing
"In this demo, we will demonstrate MagPro, an interface augmentation to office productivity tools, that not only reduces the interaction effort of low-vision screen-magnifier users by bringing the application commands as close as possible to the users’ current focus in the edit area, but also lets them easily explore these commands using simple mouse actions.",0,simple
"Sign Language gestures include five co-occurring parameters, which convey complementary independent information.",0,sign language
"As the first step to solve such problems, this study focuses on diagrams in which objects or groups of objects are bound by arrows.",0,bound
Tactile models are important learning materials for visually impaired students.,1,visually impaired
The purpose of this project was to design a system that allows individuals to control a motorized wheelchair with simple head movements.,0,simple
Our DVD Player was designed based on the needs identified in our prior in situ study with blind and visually impaired individuals.,1,visually impaired
Tactile images are an important mode of information for the blind and low vision community but many of the common methods have high acquisition and material costs.,0,the blind
"However, visually impaired users cannot deal with such content due to audio interference with the speech from screen readers and intricate structures strongly optimized for sighted users.",1,visually impaired
Tactile maps support blind and visually impaired people in orientation and to familiarize with unfamiliar environments.,1,visually impaired
"This application aims to estimulate people, specially children, deaf or not, to learn a sign language and to help deaf people to improve their vocabulary in an oral language.",0,sign language
Conversation between two individuals requires verbal dialogue; the majority of human communication however consists of non-verbal cues such as gestures and facial expressions.,0,non-verbal
"Amidst the shift towards digital news media, the news consumption behavior of the blind and visually impaired (BVI) has undergone significant changes.",1,visually impaired
"In those systems, simple devices like screen readers, braille output and speech synthesizers were effective.",0,simple
"In addition, the state of art displaying positions on the navigational interfaces has not taken into consideration the needs of people with mental disabilities.",0,mental
We interviewed 8 power wheelchair users about their use of computers and mobile devices.,0,wheelchair user
Our results show that dynamic tactile graphics can help visually impaired participants explore data quickly and accurately.,1,visually impaired
"Participants were not only successful in using both AAC smartwatch apps but, critically, the wearable and discreet intervention did not restrict users’ agency and non-verbal communication.",0,non-verbal
"However, such techniques involve accessing audio feedback, which may require workarounds if the researcher identifies as deaf or hard of hearing (DHH).",0,hard of hearing
In this way visually impaired users are supported in their decisions as the relevancy of the page at hand.,1,visually impaired
"In this paper, we introduce the results of the experiment that we conducted with 5 visually impaired people.",1,visually impaired
"We present a working prototype, discuss design decisions and present the results of two evaluation sessions with a total of 20 visually impaired test users.",1,visually impaired
"The results from sighted participants showed that the error sizes in the reading pie charts were, on the whole, smaller than those in the reading band charts and that there was little difference between the reading times of the two charts.",0,whole
"A typical example of such missing data is the lack of alternative text for buttons, hypertext links, widget roles, and so on.",0,typical
"The participants were asked to identify simple geometric figures such as lines, rectangles, circles, and triangles that are the basic building blocks of any GUI interface.",0,simple
The tracking method is based on skin color segmentation and is suitable for recordings of a sign language dictionary.,0,sign language
"We found that in the past 10 years, publications targeting Mental-Health-Related disabilities and the research domain of AR/VR show an increasing trend.",0,mental
"Finally, we offer reflections for customized travel technologies for deaf and hard of hearing users, and methodological guidelines for performing first-person research in the context of disability.",0,hard of hearing
Tables remain a persistent problem for visually impaired people using screen readers.,1,visually impaired
"We present four speculative design case studies that conceptually explore four qualities of access built on crip wisdom: access as an ongoing process, a frictional practice, an aesthetic experience, and transformation.",0,crip
"Following expert directives, our system helps children to categorize elementary perception (strong, smooth, quick, slow, big, small...).",0,slow
"In order to gather data from the signing deaf community, efforts have been made to create online surveys in American Sign Language (ASL), despite a lack of user studies and UX/UI design guidelines informing the development of online survey tools featuring ASL.",0,sign language
Blind or visually impaired persons may experience challenges forming a mental map of the world around them.,1,visually impaired
"Properties of conversational sign language allow us to save power and bits: namely, lower frame rates are possible when one person is not signing due to turn-taking, and signing can potentially employ a lower frame rate than fingerspelling.",0,sign language
"We present our Work-In-Progress on Tangicraft, a multimodal interface designed to empower visually impaired children to play and collaborate around Minecraft.",1,visually impaired
"Many deaf adults in the U.S. have lower levels of English reading literacy, but there are currently no standardized questionnaires similar to SUS for Deaf and Hard-of-Hearing (DHH) users who are fluent in American Sign Language (ASL).",0,sign language
An initial pilot study is presented that uses this zooming method with three individuals who are visually impaired and four who are sighted.,1,visually impaired
This novel technique is applicable to ASL or other sign languages.,0,sign language
"Sign language recognition and translation technologies have the potential to increase access and inclusion of deaf signing communities, but research progress is bottlenecked by a lack of representative data.",0,sign language
"In this paper, we introduce the American Sign Language STEM Concept Learning Resource (ASL CLeaR), an educational application demo.",0,sign language
"Inspired by this idea, the purpose of this study was to determine the viability of neural networks in predicting Freezing of Gait (FoG), a symptom of Parkinson's disease in which the patient's legs are suddenly rendered unable to move.",0,patient
The first biennial International Conference on Computers Helping People with Special Needs (under a different name) was held in 1988.,0,special needs
Recent advances in Automatic Speech Recognition (ASR) have made this technology a potential solution for transcribing audio input in real-time for people who are Deaf or Hard of Hearing (DHH).,0,hard of hearing
"Through interviews with 18 audio professionals and hobbyists with vision impairments, we find that accessible audio production involves: piecing together accessible and efficient workflows through a combination of mainstream and custom tools; achieving professional competency through a steep learning curve in which domain knowledge and accessibility are inseparable; and facilitating learning and creating access by engaging in online communities of visually impaired audio enthusiasts.",1,visually impaired
"The first two evaluations were conducted with sighted users, and the last evaluation was conducted with visually impaired users.",1,visually impaired
"This poster describes an approach to creating a system that will allow blind, low vision, dyslexic, and other non-visual readers to skim through documents for answers to questions.",0,dyslexic
"From our findings we discuss why it is difficult for a blind person to navigate like a sighted person to ensure designers are aware of the difficulties and designing with new training in mind, not simply designing from their own point of view.",0,blind person
"While recent advances have enabled mobile sound recognition tools for deaf and hard of hearing (DHH) people, these tools have only been studied in the lab or through short, controlled experiments.",0,hard of hearing
"This report will briefly describe some of the topics to be covered in this new course, how these topics fit within the CS curriculum, sample assignments, and the laboratory equipment used to support demonstrations and assignments.",0,fit
"Blind or visually impaired (BVI) individuals often rely on alternative text (alt-text) in order to understand an image; however, alt-text is often missing or incomplete.",1,visually impaired
"The software can be easily, and cheaply, incorporated in modern user interfaces, making them available for use by the visually handicapped.",1,handicapped
The results show that auditory interpretation of graphics is an effective interface technique for visually impaired users.,1,visually impaired
The study is a work-in-progress on a ubiquitous system enhancing accessibility to architectural heritage for a broad audience with a special focus on the Blind and Visually Impaired (BVI).,1,the blind
"Our first study (N=20) identified two preferred values from among five options for each parameter, one of which included a typical human value for this parameter, and a second study (N=20) identified the most preferred value.",0,typical
It serves as a test-bed to investigate technical and ethical solutions that enable hearing parents to use American Sign Language (ASL) during face-to-face play with their with their DHH children.,0,sign language
"In this work, we present preliminary design considerations for the user experience for autonomous wheelchair navigation derived from a semi-structured interview with ten (10) current wheelchair users about their willingness to use and applicability of an autonomous navigation function.",0,wheelchair user
We present an algorithm to detect nine eyelid gestures on smartphones in real-time and evaluate it with twelve able-bodied people and four people with severe motor impairments in two studies.,1,able-bodied
"Web automation has the potential to bridge the accessibility divide between the ways blind and sighted people access the Web; specifically, it can enable blind people to accomplish quickly web browsing tasks that were previously slow, hard, or even impossible to complete.",0,slow
Evaluating software applications with deaf or hard of hearing children requires methods and procedures tuned to them.,0,hard of hearing
"To better understand why few students with disabilities pursue PhDs in computing and related fields, we conducted an interview study with 19 current and former graduate students who identified as blind or low vision, or deaf or hard of hearing.",0,hard of hearing
"Blind and visually impaired (BVI) individuals are increasingly creating visual content online; however, there is a lack of tools that allow these individuals to modify the visual attributes of the content and verify the validity of those modifications.",1,visually impaired
"We further identify that at least 31\% of the objects in Second Life lack a descriptive name, which is a significant barrier towards making virtual worlds accessible to users who are visually impaired.",1,visually impaired
"In particular, we focused on applications that are used by the users who are blind or visually impaired.",1,visually impaired
The use of touchscreen devices with tactile and/or auditory feedback is increasingly being considered for providing refreshable graphics for individuals who are blind or visually impaired.,1,visually impaired
"The system uses a computer, webcam, and fiducial markers to associate a physical 3D object in the camera's view with a pre-defined digital map of labeled locations (""hotspots""), and to do real-time finger tracking, allowing a blind or visually impaired user to explore the object and hear individual labels spoken as each hotspot is touched.",1,visually impaired
"The CHAMPION project aimed to develop a piece of software which would allow an adult with SSPI to input multimedia information on their care needs and on the ""person behind the patient"".",0,patient
"Developing successful sign language recognition, generation, and translation systems requires expertise in a wide range of fields, including computer vision, computer graphics, natural language processing, human-computer interaction, linguistics, and Deaf culture.",0,sign language
This paper describes the specific accessibility features implemented in software that provides an accessible Lego Mindstorms NXT programming environment for teenage students who are visually impaired.,1,visually impaired
"Our empirical research, involving 18 visually impaired and sighted participants, indicates that visually impaired players can quickly and safely master the game, ensuring a pleasant and friendly experience for all players.",1,visually impaired
"Schools  have  attempted  to  overcome  these  barriers  with  a variety  of  adaptations  such  as  special  classrooms,  therapies,  and  assistive  technologies.  ",1,special
"On the other hand, a cursor control system to step the cursor up, down, left or right in response to voluntary contractions of specific facial muscles, developed by our group, provides steady and precise, albeit slow, cursor control, along with a reliable clicking mechanism.",0,slow
"Indeed, they are unusual users with special communication needs.",1,special
Scoliosis patients face problems like difficult ambulation and weak sit tolerance comparing to healthy people.,1,healthy
This suggests that the transcoding techniques offered by SADIe can assist visually impaired users accessing content on the Web.,1,visually impaired
"In this study, a wearable assistive technology is presented and evaluated which supports visually impaired persons with the recognition of facial expressions of emotions.",1,visually impaired
TESSA is an experimental system that aims to aid transactions between a deaf person and a clerk in a Post Office by translating the clerk's speech to sign language.,0,deaf person
"In forming FiLOrk, we set out to use music performance and tactile graphics to address a lack of accessible tools and curricula for teaching Blind and Visually Impaired (BVI) people to code.",1,visually impaired
Music therapy could be an interesting resource to enhance social and cognitive skills in people with mental disorders.,1,mental
"The time spent using the continuous specification which is slow to use is short, since it is used just for fine refinement.",0,slow
Sign language is the primary medium of communication for many people who are deaf or hard of hearing.,0,hard of hearing
"For Deaf people, access to the mobile telephone network in the United States is currently limited to text messaging, forcing communication in English as opposed to American Sign Language (ASL), the preferred language.",0,sign language
"We found that young adults want to develop social skills of such as playing sports or learning languages, but that leveraging social media participation to do this goes beyond their typical use, and requires both collaborative support and accessible design.",0,typical
Some A few web access systems for  the visually impaired have already been developed and are  widely used.,1,visually impaired
Sign language interpreters play a crucial role in facilitating communication between Deaf individuals who primarily use sign language and people who use spoken language and lack proficiency in sign language.,0,sign language
"In this paper, we explore the effectiveness of using the Haptic Chair during speech therapy for the deaf.",1,the deaf
We plan more enhancements to help meet the need for accessible graph tools as articulated by the blind community.,0,the blind
"Thus, PC-Access offers auditory information (non-verbal sounds and voice synthesis), reinforced by the sense of touch which in turn helps to direct manipulation.",0,non-verbal
However the fact is that most of visually impaired people have a problem with the difficult usability of a touch-screen.,1,visually impaired
We discuss important factors in the design of evaluation studies for systems that generate animations of American Sign Language (ASL) sentences.,0,sign language
"Our long-term goal is for a portable, self-contained system that will allow visually impaired individuals to travel through familiar and unfamiliar environments without the assistance of guides.",1,visually impaired
Navigation assistive technologies aim to improve the mobility of blind or visually impaired people.,1,visually impaired
Handicapped people could be considered early adopters because they are more in need of improvements since the present circumstances and limitations are much less acceptable to them.,1,handicapped
This paper describes progress toward a prototype implementation of a tool which aims to improve literacy in deaf high school and college students who are native (or near native) signers of American Sign Language (ASL).,0,sign language
They replace the complex and error prone syntax of textual languages with simple shape cues that show how program elements can be combined.,0,simple
"In many cases, this means that the child will not be exposed to fluent sign language in the home and this can delay the child's acquisition of both their first signed language and a secondary written language",0,sign language
"Consumer-grade digital fabrication such as 3D printing is on the rise, and we believe it can be leveraged to great benefit in the arena of special education.",1,special
"Finally, the projected constraints are resolved for the search of best repainting of the document that most successfully presents to the colorblind person the color effects experienced by the normal vision person on the original document.",1,normal
In this poster we propose a novel approach to guide visually impaired people.,1,visually impaired
"Analyzing situations where work-arounds compensate for task failures reveals important insights for future artifact design for the blind such as the value of socialization, tactile and audio feedback, and facilitation of user independence.",1,the blind
"We analyzed recent ASSETS papers, and found that participants in non-anonymous accessibility research studies gave more positive average ratings than those in typical usability studies, especially when responding to questions about a proposed innovation.",0,typical
Braille literacy is one of the core pillars of education for visually impaired children.,1,visually impaired
"Blind and visually impaired participants in our user study reported that it was easier to locate undescribed slide elements with Slidecho’s synchronized interface than when browsing the video and extracted slides separately, and using Slidecho they read fewer slides that were fully redundant with the speech.",1,visually impaired
"Although 3D printing is beginning to infiltrate mainstream education, little to no research has explored 3D printing in the context of students with special support needs.",1,special
"A special palmtop computer, the Personal Memory Assistant (PMA), reminds the patient of important tasks and supervises the patient's actions.",0,patient
Finger Dance is an original audio-based rhythm-action game we developed specifically for visually impaired people.,1,visually impaired
"When the speech has begun to deteriorate, the adapted voice model can be further modified in order to compensate for the disordered characteristics found in the patient's speech.",0,patient
These challenges made participants inefficient-they were slow and often made mistakes; even tech savvy participants felt frustrated and not in control.,0,slow
"This manuscript explores preliminary findings from an ongoing multimodal ASL corpus collection and analysis study, focusing on human-generated modalities (e.g., eye tracking, facial expression, head movement) and the expression of frustration and confusion among deaf and hard of hearing study participants.",0,hard of hearing
Acquiring accessibility information about unfamiliar places in advance is essential for wheelchair users to make better decisions about physical visits.,0,wheelchair user
"For example, it was found that many representational 3D icons could be recognised by touch without the need for a key and that such a map helped form mental models of the event space.",0,mental
"In this demonstration, the functionality of this fun-only camera accompanied by an iPad's tangible interface is targeted to the benefit of the visually impaired.",1,visually impaired
"We found that people who knew that they were transcribing for a blind person produced longer, more detailed descriptions.",0,blind person
This study examined how to design tools that build independence with Blind or Visually Impaired (BVI) children and their families.,1,visually impaired
The results indicate an increase in communicative behaviours for both verbal and non-verbal participants.,1,non-verbal
They either modify the user interface to fit the users' needs or modify the user's interaction with the cursor.,0,fit
This research incorporates a participatory design methodology to investigate the Deaf and Hard of Hearing (DHH) users’ tacit needs.,0,hard of hearing
"Augmentative and alternative communication (AAC) technologies are typically fixed-form factor mobile devices, which can be physically obtrusive and visually identifiable – perpetuating public stigmas and limiting non-verbal communication.",0,non-verbal
This paper provides methodological guidance for how to design user studies evaluating sign language animations and facilitates comparison of studies that have used different upper baselines.,0,sign language
"It helps patients achieve better training results by positively affecting motor control, the somatosensory system, and patient engagement.",0,patient
"We use an automatic computer-vision-based sign language recognition, automatic speech recognition and touchscreen as input modalities.",0,sign language
We describe a system for guiding blind and visually impaired wheelchair users along a clear path that uses computer vision to sense the presence of obstacles or other terrain features and warn the user accordingly.,1,visually impaired
Words and sentences in sign language are mainly represented by hands' gestures.,0,sign language
"The user quickly specifies an approximate position by referring to the ghost cursor nearest the desired position, and then uses non-verbal vocalizations to move the ghost cursors continuously until one is on the desired position.",0,non-verbal
"Travel is an integral aspect of our lives, and this rings true for blind and visually impaired individuals alike.",1,visually impaired
"Adults with autism spectrum disorder (ASD) face daily challenges dealing with stress, for example, at work, or in public spaces, which can be overwhelming in terms of coping with sensory overload.",0,disorder
"However, the process is slow and too often the need is mooted before the content becomes accessible.",0,slow
We conducted user studies with five sighted parents and six blind or visually impaired children.,1,visually impaired
"Through a survey (N=62) and multiple regression analysis, we identified relationships between (a) demographic and technology experience/attitude characteristics of participants and (b) the subjective and objective scores collected from them during the evaluation of sign language animation systems.",0,sign language
A speech recogniser recognises speech from the clerk and the system then synthesizes the appropriate sequence of signs in British Sign language (BSL) using a specially-developed avatar.,0,sign language
"However, most research in the field of sign language recognition has focused on the manual component of signs, despite the fact that there is critical grammatical information expressed through facial expressions and head gestures.",0,sign language
The system translates Japanese sign language into Japanese and vice versa.,0,sign language
We outline the design for a navigation system for the visually impaired and describe the progress we have made toward such a system.,1,visually impaired
This approach makes it possible to magnify lecture presentations directly onto the screen of visually impaired students and could improve real-time interactions in the classroom.,1,visually impaired
"According to psychological model of spatial navigation and the requirements of rehabilitation professionals, a novel wayfinding system is presented with an aim to increase workplace and life independence for people suffering from diseases such as traumatic brain injury, cerebral palsy, mental retardation, schizophrenia, Down syndromes, and Alzheimer's disease.",1,mental
"However, more than 13 million visually impaired people in the Indian sub-continent could not benefit much from such systems.",1,visually impaired
"In this preliminary work, we explore the utility of a simple haptic web-browsing interface -- tactile overlays, and report on a preliminary user study with 10 blind participants who performed various web-browsing tasks with and without these overlays.",0,simple
Most of African sign languages are endangered and severely under-studied [11].,0,sign language
"These color codes are affixed in certain locations to provide information to the visually impaired, and their location and meaning are then recognized using the proposed wayfinding system.",1,visually impaired
"In this paper, we present an experiment with 30 visually impaired participants, where we compare the use of faster speech rates against the use of concurrent speech.",1,visually impaired
"Considering it is impractical for the visually impaired to capture high quality image, our currency reader performs real time processing for each captured frame as the camera approaches the bill.",1,visually impaired
"This presentation demonstrates a working prototype of the iCare Interaction Assistant, a wearable assistive device based on research aimed at facilitating the social interactions of people who are blind or visually impaired.",1,visually impaired
"Yet, we still know relatively little about the fundamental metaphors and guidelines for designing voice assistants, and how they might empower and constrain visually impaired users.",1,visually impaired
"Existing solutions resort to assistive screen reading software to compensate the lack of sight, still not all the information reaches the blind user.",0,the blind
Our research explores wearable Immersive Virtual Reality (IVR) to support new forms of intervention for children with Neuro-Developmental Disorder (NDD).,0,disorder
"Talkit++ detects the model and finger gestures using computer vision algorithms, simple accessories like paper stickers and printable trackers, and the built-in RGB camera on an iOS device.",0,simple
It is designed to enable the visually impaired people to participate in a more effective social communication by perceiving their interlocutor's facial expressions.,1,visually impaired
We conclude with takeaway recommendations for future virtual or augmented reality sign language learning games.,0,sign language
But visually impaired people have so many difficulties to read maps and to use spatial information in the field.,1,visually impaired
"ViSiCAST is a major new project funded by the European Union, aiming to provide improved access to services and facilities for deaf citizens through sign language presented by a virtual human, or avatar.",0,sign language
"Those with typical colour vision find it difficult to understand how people with ICV perceive colour, leading to misunderstanding and challenges for people with ICV.",1,typical
Visually impaired users could especially benefit from the auditory feedback received during menu navigation.,1,visually impaired
"In these cases, we draw similarities between sighted and visually impaired users, in that sighted users cannot see the target of a Web Anchor and are therefore 'handicapped'1 by the technology.",0,handicapped
"Wheelchair users could greatly benefit from this pose information to prevent injuries, monitor their health, identify environmental accessibility barriers, and interact with gaming and VR experiences.",0,wheelchair user
"In order to observe both simple and complex interaction, two tasks (menu and Fitts' tapping) were used.",0,simple
"It is not surprising therefore, that providing high quality OERs that facilitate the self-development towards specific jobs and skills on the labor market in the light of special preferences of learners with disabilities is difficult.",0,special
"In this demonstration, we describe our exploration in making graphic design theory accessible to a visually impaired student with the use of rapid prototyping tools.",1,visually impaired
"We describe our preliminary study to develop a system that provides systematic analysis of parent-child mealtime interaction, so as to promote children's healthy eating habits.",0,healthy
"Although a large number of navigation support systems for visually impaired people have been proposed in the past, navigating through unknown environments is still a major challenge for visually impaired travelers.",1,visually impaired
"This study examines the potential of the ZINinNGT app, a mobile learning application designed to support hearing parents of deaf and hard-of-hearing (DHH) children in learning Dutch Sign Language.",0,hard of hearing
"Some devices, like the iPhone, are rapidly gaining popularity among the visually impaired since the use of pre-installed screenreader applications renders these devices accessible.",1,visually impaired
"We present ongoing research that aims to make such games go beyond accessibility, by making them engaging and enjoyable for visually impaired players.",1,visually impaired
"In this work, we present WheelPoser, a real-time pose estimation system specifically designed for wheelchair users.",0,wheelchair user
This device has a patient-centered design that is evidence-based and was derived from a series of collaborations with cardiologists at Rush University Medical Center.,0,patient
"As a result, clinicians do not get a true picture of the patient's gait, therefore this study investigates the use of Inertial Measurement Units (IMU) for gait analysis.",0,patient
The method is universal-designed to enable not only the visually impaired people but also the non-impaired people to enjoy using interactive digital map contents together.,1,visually impaired
An overview of an experimental prototype is provided along with the key findings from an evaluation conducted with fifteen wheelchair users at a public library and heritage centre.,0,wheelchair user
"Our findings reveal how blind users navigate accessibility issues, inaccuracies, hallucinations, and idiosyncracies associated with GenAI and develop interesting (but often flawed) mental models of how these tools work.",0,mental
We conducted an acceptability study with 15 sighted and 5 visually impaired participants and report on the results.,1,visually impaired
"In a user study with 14 VI participants, most were able to create and maintain an accurate mental representation of both the sequential structure of the route and the approximate locations of the POIs.",0,mental
The experiment included eight visually impaired participants and eight blindfolded sighted participants.,1,visually impaired
"In this demo, we present the detection module of the See ColOr (Seeing Colors with an Orchestra) mobility aid for visually impaired persons.",1,visually impaired
"The system detects the patient’s posture in real time based on IMU, so that the patient can train without supervision.",0,patient
"Currently, commercial rehabilitation products cannot be customized easily and are expensive; consequently, public special-education schools generally cannot afford purchasing these products.",1,special
There are many electronic devices for the visually impaired but few actually get used on a daily basis.,1,visually impaired
Video sharing sites provide an opportunity for the collection and use of sign language presentations about a wide range of topics.,0,sign language
"Interactive SIGHT, which is implemented as a browser extension that works on simple bar charts, provides a brief high-level summary of the graphic through natural language text that is conveyed to the user as speech.",0,simple
"In this paper, we present the design and evaluation of a mobile solution, called FETCH, for allowing the visually impaired to track and locate objects they lose frequently but for which they do not have a specific strategy for tracking.",1,visually impaired
We focus on description of sign language input and output modality.,0,sign language
"Currently, Deaf and hard of hearing (D/HH) callers using mobile phones cannot place a video or captioned based call to a Telecommunication Relay Services (TRS) Communication Assistant (CA) using the carrier assigned mobile phone number.",0,hard of hearing
The software package of Audio Formatting of a Graph (AFG) is primarily designed for people who are visually challenged to study graph theory.,1,challenged
"Head-mounted displays can provide private and glanceable speech and sound feedback to deaf and hard of hearing people, yet prior systems have largely focused on speech transcription.",0,hard of hearing
"When preparing to visit new locations, sighted people often look at maps to build an a priori mental representation of the environment as a sequence of step-by-step actions and points of interest (POIs), e.g., turn right after the coffee shop.",0,mental
"In this work, we discuss the disorientation factors that resulted from three user studies, which were conducted to formulate the basic requirements for an orientation assistive technology to assist visually impaired individuals in unfamiliar indoor areas.",1,visually impaired
Since blind people are unable to perceive this visual information there is a special need to enable them to navigate through such a non-linear document.,0,special
"Conversely, in adaptations for visually impaired children, these environments tend to become poorer, damaging the story at the cost of the programming actions and its dull mechanics (e.g., place a arrow block to move the character forward).",1,visually impaired
"In this work, we present a platform for continuously monitor and guide stroke patient at home during Activities of the Daily Living.",0,patient
This paper describes a therapeutic full-body controlled video game for children with attention deficit / hyperactivity disorder (ADHD).,0,disorder
"Packet loss affects all of speech recognition, mental effort, and speech quality ratings.",0,mental
"Limb repositioning is particularly valuable for individuals with physical disabilities who are either bed or chair-bound, to help reduce the occurrence of contractures and pressure ulcers.",1,bound
"Despite advances in assistive technology, relatively few visually impaired students participate in computer science courses.",1,visually impaired
"Although tactile mice, such as the VT Player by virTouch, have been developed to enable access to 2-D graphical information by individuals who are blind and visually impaired, they have yet to really be adapted by the community.",1,visually impaired
"We found that the majority of participants in this study preferred a compact device that looks most similar to a normal pair of glasses, preferred buttons as an inconspicuous mode of interaction, and are willing to carry support devices up to the size of a tablet to increase the functionality of the device.",0,normal
User testing with nondisabled users suggests that we have designed and built an eye-cursor and eye drawing control system that can be used by almost anyone with normal control of their eyes.,1,normal
"This project solves an extensive problem not only seen by visually impaired people, but by all software developers in general.",1,visually impaired
"As sign languages are often the native languages for members of the Deaf community, text captioning can be inaccessible, highlighting the importance of sign language interpretation.",0,sign language
The contribution made by this research has enabled the visually impaired to read and write in Indian vernaculars with the help of a computer.,1,visually impaired
"Performance of the system was assessed using a survey knowledge task in which participants were exposed to three different cue combinations: audio only, audio with haptic cues provided by the tablet--s built-in vibrational motor (built-in tactile), and audio with haptic feedback provided by special vibrating rings worn on two fingers (stereo-tactile).",0,special
But visually impaired people have difficulties to use such a software application.,1,visually impaired
This enables blindfolded users to build a mental occupancy grid of the environment.,0,mental
"ShopTalk, a proof-of-concept system designed to assist individuals with visual impairments with finding shelved products in grocery stores, is built on the assumption that simple verbal route directions and layout descriptions can be used to leverage the O&amp;M skills of independent visually impaired travelers to enable them to navigate the store and retrieve shelved products.",1,visually impaired
Aphasia is an acquired language disorder resulting from trauma or injury to language areas of the brain.,0,disorder
"Based on the cooking practices, we also conducted semi-structured interviews with 12 visually impaired people who have cooking experience and show existing challenges, concerns, and risks in cooking (e.g., tracking the status of tasks in progress, verifying whether things are peeled or cleaned thoroughly).",1,visually impaired
This paper examines a computer-based technique for the detection of visuo-spatial neglect from the responses of a simple geometric shape copying task.,0,simple
Results from a formative study with five visually impaired individuals informed the design of the system.,1,visually impaired
We conducted interviews with ten parents to investigate their current sign language learning experiences and to gather feedback on the ZINinNGT prototype.,0,sign language
This paper describes our ongoing research on the TAIG system which is a part of a larger system whose long term goal is to enable visually impaired users to gain access to the content of information graphics and therefore benefit from these valuable resources.,1,visually impaired
With this special Sudoku puzzle we can help more people to get involved in computer games and contribute to develop logic thinking and concentration in students.,0,special
This property is especially important to effectively train visually impaired individuals on new applications and interfaces remotely because it allows them to view exactly the same information simultaneously with their sighted trainers.,1,visually impaired
"We present here a new system, in which signing avatars (computer-animated virtual humans built from motion capture recordings) teach introductory American Sign Language (ASL) in an immersive virtual environment.",0,sign language
"We implemented a prototype on Android and tested its usability with visually impaired participants; they welcomed its multimodality and the familiar layout, but also expressed the need to increase vibration pattern differentiation and refine the character selection mechanism.",1,visually impaired
"In collaboration with NGOs dedicated to supported employment programs, we propose the use of MGuider in public transit systems: a novel mobile guiding and tracking service, to increase work and life independence for cognitive-impaired patients such as people with traumatic brain injury, cerebral palsy, mental retardation, schizophrenia, dementia, and Alzheimer's disease.",1,mental
"We developed DanceCraft, a whole-body interface to augment dance therapy for children with autism.",1,children with autism
Our discussion includes economic considerations crucial for a broad dissemination of tactile maps for both blind and visually impaired people.,1,visually impaired
"Three categories of parameters are covered: (1) narrowband (NB) versus wideband (WB) audio; (2) encoding audio at varying bit rates, ranging from typical rates used in today's telecom networks to the highest quality supported by these audio codecs; and (3) absence of packet loss to worst-case packet loss in VoIP telephony.",0,typical
We demonstrated the experiment with six visually impaired people and six sighted people.,1,visually impaired
"MAPS (Multimodal Application for the Perception of Spaces) is a tablet App, with associated hardware, for providing on-the-go access to audio-tactile maps of unfamiliar indoor venues to individuals who are blind or visually impaired.",1,visually impaired
"Typically, a substantial amount of staff intervention is required for a special education teacher to correct hand-mouthing behavior.",1,special
"The hypothesis defined was that it was possible to produce tools that could reduce the input needed to adapt the games for people with special needs but achieving a good level of usability, resulting in a reduction of the cost and effort required.",1,special needs
"Major findings included: (a) the social aspects of gaming were highly valued; (b) therapists had varied physical, cognitive and social goals when using games; and (c) therapists made game decisions primarily based on familiarity versus choosing games that best match therapeutic goals and patient profiles.",0,patient
"Naively narrating web pages, particularly the ones consisting of several diverse pieces (e.g., news summaries, opinion pieces, taxonomy, ads), with TTS engines without organizing them into thematic segments will make it very difficult for the blind user to mentally separate out and comprehend the essential elements in a segment, and the effort to do so can cause significant cognitive stress.",0,the blind
"While there is extensive research to learn how data scientists use computational notebooks, identify their pain points, and enable collaborative data science practices, very little is known about the various accessibility barriers experienced by blind and visually impaired (BVI) users using these notebooks.",1,visually impaired
"Concluding our experience report, we address this dilemma by discussing the two sides of its fundamental challenge: Inadequate communication with and insufficient representation of sign language users within research.",0,sign language
"With the popularity of robotics in both pre-college and introductory programming classes, such an environment has the potential to better accommodate students who are visually impaired.",1,visually impaired
"Once clinically validated, we hope these approaches will enable accurate mapping of visual distortion and eventually lead to the development of ‘digital glasses’ capable of correcting the effects of metamorphopsia and restoring healthy vision.",0,healthy
This survey-based study investigated deaf and hard of hearing (DHH) individuals' perceived need for technologies that may facilitate communication when meeting in small groups with hearing colleagues.,0,hard of hearing
"This work points to exciting potential of patient-centered digital phenotyping to benefit patients’ understanding of themselves, and push forward a paradigm of ethical data report-back.",0,patient
This application can be useful especially for deaf or hard of hearing people to be alerted of audio events happening around them.,0,hard of hearing
Indoor navigation is a challenging task for visually impaired people.,1,visually impaired
Previous VR sound accessibility work substituted sounds with visual or haptic output to increase VR accessibility for deaf and hard of hearing (DHH) people.,0,hard of hearing
People who are deaf or hard of hearing require correction of the fundamental frequency that usually is achieved by help of a phonodiologist.,0,hard of hearing
"In this paper, we report on the results from an empirical study we conducted that showed that the simple insertion of pauses inside spoken mathematical expressions dramatically improved subjects' ability to disambiguate between two similar algebraic expressions.",0,simple
Other studies have found that visually impaired users are hindered in their cognition of the content of Web-pages because users must wait for an entire Web-page to be read before deciding on it's usefulness to their current task.,1,visually impaired
"Our web interface, hosted at www.tactilemaps.net, allows visually impaired individuals to create maps of any location on the globe while specifying (1) what features to map, (2) how the features should be represented by textures, and (3) where to place markers and labels.",1,visually impaired
"To explore the opportunities and challenges of such an endeavor, we document the process undertaken to build a braille keyboard for a one-handed blind person over the course of 18-months.",0,blind person
"In this paper, we present APlus, a corpus of French Sign Language that includes motion capture, video and eye-tracker data.",0,sign language
This proposed research aims to advance inclusive audiovisual aids for outdoor navigation and public transportation by leveraging insights gained from state-of-the-art research on maps for visually impaired individuals.,1,visually impaired
"In a user with 14 visually impaired participants, we compared leashed quadcopter navigation, free-floating quadcopter navigation, and traditional audio navigation.",1,visually impaired
"However, when considering Deaf and Hard of Hearing (DHH) individuals as target group, we argue that such an approach is incompatible with the latter’s own ability-based identification concepts.",0,hard of hearing
"A small sampling of users suggests that such adaptations to caption display are preferred by a majority of users, whether they are deaf, hard of hearing or hearing.",0,hard of hearing
"Study 2 (N=14 blind or visually impaired participants) found that single-motor feedback with four motors was faster, more accurate, and most preferred compared to similar feedback with eight motors.",1,visually impaired
"Roughly 1 in 3 people around the world are affected by cognitive or mental disabilities at some point in their lives, yet people often face a variety of barriers when seeking support and receiving diagnosis from healthcare professionals.",0,mental
"Wearable fitness devices have demonstrated the capacity to improve overall physical activity, which can lead to physical and mental health improvements as well as quality of life gains.",0,mental
The evaluation discussed in this paper explores the role that underlying facial expressions might have regarding understandability in sign language avatars.,0,sign language
This paper presents both a hearing instructor's experiences and a deaf researcher's observations when preparing deaf and hard of hearing students as computer technicians for the hearing work place.,0,hard of hearing
The use of Braille for music causes difficulties for the blind student: new meanings for the Braille symbols have to be learned and the reading of the music is not immediate.,0,the blind
The Multimedia Dictionary of American Sign Language (MM-DASL) is a Macintosh application designed to function as a bilingual (ASL-English) dictionary.,0,sign language
"We have designed a virtual coach system, in which an animated character engages users in simulated face-to-face conversation to provide health education and motivate healthy behavior.",0,healthy
"Current web-based maps do not provide visibility into real-time elevator outages at urban rail transit stations, disenfranchising commuters (e.g., wheelchair users) who rely on functioning elevators at transit stations.",0,wheelchair user
The large synthetic datasets provide possibilities for advancing sign language recognition and analysis.,0,sign language
The two studies conducted with able-bodied and motor-impaired users showed that subjects performed better with SmartKey than with traditional virtual keyboard.,1,able-bodied
"Fidgeting, a behavior traditionally frowned upon, has been shown to help people with ADHD in concentration, emotional and mental state management, and energy regulation.",0,mental
"Currently, no commercial pedestrian safety training products are available for public special education schools.",1,special
Animations of American Sign Language (ASL) and Pidgin Signed English (PSE) have accessibility benefits for many signers with lower levels of written language literacy.,0,sign language
Using line drawings allows us to run the application with simple 3D models without loss of essential information while achieving images which can be transferred very quickly over a network.,0,simple
"empowers DHH players to play sign language-based quizzes either individually or in competitive settings, as well as to create their own quiz content.",0,sign language
In this contribution we propose a set of 6 sonification techniques to recognize simple shapes on touchscreen devices.,0,simple
"Using Internet Archive's Wayback Machine, a random sample of websites from 1997-2002 were retrospectively analyzed for effects that technology has on accessibility for persons with disabilities and compared to government websites.",0,persons with disabilities
Animations of American Sign Language (ASL) have accessibility benefits for many signers with lower levels of written language literacy.,0,sign language
In this paper we address the lack of accessibility in fantasy sports for visually impaired users and discuss the accessible fantasy sports system that we have designed using auditory displays.,1,visually impaired
The Web has become a new information resource for the blind.,1,the blind
"In this new, virtual environment, accessibility barriers changed, in some respects for the better (e.g., more flexibility) and in other aspects, for the worse (e.g., problems including American Sign Language interpreters over video calls).",0,sign language
"Refreshable tactile displays that move with the hand, such as those that resemble computer mice, can be utilized to display tactile graphics faster and more cost effectively to individuals who are blind and visually impaired than traditional paper methods of creating tactile diagrams.",1,visually impaired
A consequence is that people who are deaf or hard of hearing (DHH) may be unable to use these speech-controlled devices.,0,hard of hearing
"Eight percent of gestures that participants designed were with their head, neck, and shoulders, rather than their hands and fingers, demonstrating the importance of tracking the whole upper-body.",0,whole
"Deaf and Hard of Hearing (DHH) students are under-served and under-represented in education in part because they miss spoken classroom information, even with aural-to-visual accommodations, such as a real-time speech to text Display (SD).",0,hard of hearing
The features of Facetop Tablet were iteratively designed according to feedback from members of the Deaf community.,0,the deaf
"Seeking to enable direct and equal access for the Deaf to emergency call centers, we analyze the current state of the emergency phone system in the United States and elsewhere in the world.",1,the deaf
Results from an evaluation with seven visually impaired persons reveal to what extent these methods facilitate object localization in a virtual haptic 3d environment.,1,visually impaired
Researchers have investigated various methods to help users search for the meaning of an unfamiliar word in American Sign Language (ASL).,0,sign language
"We introduce SlidePacer, a tool that promotes coordination between instructors and sign language interpreters, creating a single instructional unit and synchronizing verbal and visual information sources.",0,sign language
There is a gap in our understanding of whether these environments are currently accessible for Deaf and Hard of Hearing (DHH) people.,0,hard of hearing
Our research contributes to expanding sports participation opportunities for the visually impaired and fostering a more inclusive sports environment.,1,visually impaired
Two sets of model simulations were tested against the actual performance of able-bodied and spinal cord injured subjects.,1,able-bodied
"Therefore, this paper introduces a novel music interface for visually impaired people using daily goods and stationery on the table.",1,visually impaired
An  important  finding  is  that  our  evaluation  techniques  of  patient  abilities  tends  to  show  greater  abilities  than  show  in  clinical  testing  These  abilities  can  be  used  in  participatory  design  to  greatly  enhance  the  clinical  outcome.,0,patient
Real-time computer feedback systems (CFS) have been shown to impact the communication of neurologically typical individuals.,1,typical
"This paper explores automated modification of text to make it more accessible for people with dyslexia, a reading disorder affecting a significant percentage of the global population.",0,disorder
"In this work, we leverage the animation capabilities of modern screens to create the first animated character system prototype for sign language, producing text that combines iconic symbols and movement.",0,sign language
There is a substantial population of wheelchair users who do not have the motor capabilities needed to efficiently operate a power wheelchair on their own.,0,wheelchair user
The developed tools use special access switch based scanning technique for easy navigation in different applications.,0,special
This study investigates whether auditory cues improves a visually impaired programmer's ability to navigate and understand source code in a block-based language.,1,visually impaired
"Most competitive exertion games are highly reliant on visual cues, presenting a certain risk for visually impaired players.",1,visually impaired
"This work describes factors that affect behaviour during meal preparation by Indian visually impaired persons, and the various strategies used to mitigate challenges faced.",1,visually impaired
The biggest factor that prevents investigations of bare lifestyles of visually impaired people is the privacy issue caused by video recording.,1,visually impaired
"We refine our insights into lessons learnt from this process, outlining implications for policy makers, researchers and designers, academic community, as well as for the disabled community.",0,the disabled
Twenty-six blind persons conducted the tests and the evaluation results have shown the degree of acceptance of the technology and the feasibility of the proposed approach.,0,blind person
"We propose a simple technique for detecting camera shake, using the smartphone's built-in accelerometer (i.e. tilt sensor) to alert the user in real-time to any shake, providing feedback that enables him/her to hold the camera more steadily.",0,simple
Deaf and hard of hearing students must juggle their visual attention in current classroom settings.,0,hard of hearing
This paper introduces an application for creating words and sentences of sign language as animated gesture sequences.,0,sign language
"Deaf and hard of hearing individuals need accommodations that transform aural to visual information, such as captions that are generated in real-time to enhance their access to spoken information in lectures and other live events.",0,hard of hearing
"These findings are applied to our experimental mobile phone application, MobileASL, which enables real-time sign language communication for Deaf users at low bandwidths over the U.S. 3G cellular network.",0,sign language
Individuals with Autism Spectrum Disorder (ASD) often engage in stereotypical behaviors.,0,disorder
"In this piece of work, among the prominent themes that stood out in our findings, we further discuss communication and collaboration, specifically multi-modal communication (verbal and non-verbal) among users and how multi-modal communication affected their collaboration in the environment.",0,non-verbal
This paper reports the challenges faced when developing a device for this patient group and environment.,0,patient
"Technology workers are often stereotyped as being socially awkward or having difficulty communicating, often with humorous intent; however, for many technology workers with atypical cognitive profiles, such issues are no laughing matter.",0,atypical
Results from a series of 3 studies involving 29 students who are deaf or hard-of-hearing suggest that viewing properly configured video of sign language narration in an HMD may increase learning in this setting.,0,hard of hearing
"The promise of affordable, automatic approaches to real-time captioning imagines a future in which deaf and hard of hearing (DHH) users have immediate access to speech in the world around them my simply picking up their phone or other mobile device.",0,hard of hearing
One of the greatest challenges to the visually impaired student in science and mathematics disciplines is the reading and writing of complex mathematical equations or have convenient access to information based tools such as the world wide web.,1,visually impaired
Automatic speech recognition (ASR) programs that generate real-time speech-to-text captions can be provided as supplemental access technologies for deaf and hard of hearing (DHH) students in higher education classes.,0,hard of hearing
The expected results will provide visually impaired musicians with a new way of producing music but also will provide academic research on material and technologies that can be used for future accessibility tools.,1,visually impaired
The results clearly show that it is possible to include persons with mental and cognitive disabilities.,0,mental
"The paper briefly discusses the advantages and disadvantages of using speech at the user interface; it outlines the user- centered approach employed in developing the system; it introduces the formal model of the user interface in terms of its conceptual, semantic, syntactic, lexical and acoustic levels; it describes the SUITEKeys system architecture which consists of symbolic, statistical, and connectionist components; it presents a pilot study for assessing the effectiveness of speech as an alternate input modality for motor-control challenged users; and closes with directions for future research.",1,challenged
Bone-conduction headphones were deployed along with audio splitters for use with an auditory graphing software program in a classroom for the visually impaired.,1,visually impaired
"Non-visual feedback (e.g., auditory and haptic) has been used as directional cues for the blind and visually impaired (BVI) users.",1,the blind
"For screenreader users who are blind or visually impaired (VI), today's mobile devices, while reasonably accessible, are not necessarily efficient.",1,visually impaired
"We categorized those activities into four groups: mental health, cognitive activities, healthcare and rehabilitation, and routine activities.",0,mental
Adding American Sign Language (ASL) versions of information content to websites can improve information accessibility for many people who are Deaf or Hard of Hearing (DHH) who may have lower levels of English literacy.,0,hard of hearing
Making information more accessible to the disabled has obvious synergistic benefits for non-handicapped people alike as reflected by the importance of the concept of workforce diversification for overcoming unexpected future challenges and potential stumbling blocks.,1,handicapped
"We foresee the opportunity for Augmenta11y to be an accessible, low-cost assistive reading solution for dyslexic children with little to no access to educational specialists or after-school practices.",0,dyslexic
"Although visually impaired people can access digital information by using computers, GUIs make it difficult for them to do so.",1,visually impaired
Older adult care technologies are increasingly explored to support the independent living of older adults by monitoring their abnormal activities and informing caregivers to provide intervention if necessary.,0,abnormal
Field tests over several days showed that JBrick has the potential to accommodate students who are visually impaired as they work together to program Lego Mindstorms NXT robots.,1,visually impaired
"To investigate sign language video intelligibility at lower settings, we conducted a laboratory study, where fluent ASL signers in pairs held real-time free-form conversations over an experimental smartphone app transmitting real-time video at 5 fps/25 kbps, 10 fps/50 kbps, 15 fps/75 kbps, and 30 fps/150 kbps, settings well below the ITU-T standard that save both bandwidth and battery life.",0,sign language
Our system is an omnipresent cellphone based indoor wayfinding system for the visually impaired.,1,visually impaired
The study involved eight expert wheelchair users and five healthcare professionals who routinely provide wheelchair services in their community.,0,wheelchair user
"Furthermore, the images resemble those used in printed teaching materials for sign language.",0,sign language
"Our findings show that users improve over time, even though it is at a slow rate (0.3 WPM per week).",0,slow
"For blind and visually impaired people, tactile reliefs offer many benefits over the more classic raised line drawings or tactile diagrams, as depth, 3D shape and surface textures are directly perceivable.",1,visually impaired
This paper investigates the accessibility issues associate with the information graphics for visually impaired people.,1,visually impaired
"With the quickly increasing of the deaf community, how to communicate with the hearing persons is becoming a serious social problem.",0,the deaf
"In this experience report, two deaf researchers with varying expertise, communication preferences, and technological skills document their experiences using Access on Demand (AoD), an Augmented Reality (AR) based accessibility application that provides on-demand real-time captioning and sign language interpretation services using the Vuzix Blade AR smart glasses.",0,sign language
"For a deaf or hard of hearing person who does not understand spoken language, following meetings can become confusing if there are too many simultaneous sources of information.",0,hard of hearing
The tool can analyze videos from diverse camera and background settings without specialized equipment thanks to a sign language segmentation and keyframe identification model.,0,sign language
Access to a variety of exercises is important for maintaining a healthy lifestyle.,0,healthy
"In doing so, we demonstrate recognition rates comparable to other state of the art handshape classifiers using simple na\'{\i}ve Bayesian classifiers that can run in real-time.",0,simple
"In this demo paper, we briefly present our experimental prototype, entitled EVIAC (EValuation of VIbration Accessibility), allowing visually impaired users to access simple contour-based images using vibrating touch screen technology.",1,visually impaired
"By integrating conductive elements into 3D printed tactile maps, they can be recognized by a single touch on the mobile device's display, which eases the handling for blind and visually impaired people.",1,visually impaired
"Accurate real-time depth camera-based tracking of limbs, fingers and faces would be of great use to the field of Sign Language Recognition (SLR).",0,sign language
We conducted a mixed methods longitudinal study with eight screen reader users and found that they entered characters with GestureCalc 40.5\% faster on average than with a typical touch screen calculator.,0,typical
"Many reading assistants and navigation systems have been designed specifically for people who are blind or visually impaired, but text locating in scene image with complex background has not yet been successfully addressed.",1,visually impaired
"To enlarge these datasets, we introduce SynSLaG, a tool that synthetically generates sign language datasets from 3D motion capture data.",0,sign language
The collaborative work of visually impaired people and sighted people on equal ground plays a significant role for visually impaired people's social advance in society.,1,visually impaired
"This research goes one step further, proposing and evaluating a penbased interaction technique based on to draw simple lines that improves the computer usability for novice older users.",0,simple
"Fully autonomous vehicles, commonly referred to as self-driving vehicles, are an emerging technology that may hold tremendous mobility potential for individuals who are blind or visually impaired who have been previously disadvantaged by an inability to operate conventional motor vehicles.",1,visually impaired
"Further, the experiment demonstrates that visually impaired users can develop meaningful drawings when given adequate technological support.",1,visually impaired
"Our pilot study results show that this application has the potential to address a great need within the blind community, but remaining challenges include improving photo capture and assembling a set of crowd workers with the requisite expertise.",0,the blind
"In an experiment performed to evaluate with the haptic direction indicator, we found that visually impaired users could safely walk along a predefined route at their usual walking pace, independent of the existence of auditory information.",1,visually impaired
"Psychosocial disability involves actual or perceived impairment due to a diversity of mental, emotional, or cognitive experiences.",0,mental
We present the design of an infra-red based active wayfinding system for the visually impaired.,1,visually impaired
"In this abstract, we discuss how Glance can be used to quickly code video of users with special needs interacting with a website by coding for whether or not websites conform with accessibility guidelines, in order to evaluate how accessible a website is and where potential problems lie.",1,special needs
"This paper presents Humsher -- a novel text entry method operated by the non-verbal vocal input, specifically the sound of humming.",0,non-verbal
"Verification is performed by applying a simple formula to sensor log data, for each activity of interest.",0,simple
"Second, mobile social networks are implemented in collaboration with a supported employment program set up for people with severe mental illness.",0,mental
"We discuss the impact of architectural visuals on the DHH student, accommodation team and discuss an automatic measure of a simple accessibility app and scale using face and body identification from a 360-degree video snapshot.",0,simple
"Although goal crossing has been studied for able-bodied users, its suitability for people with motor impairments is unknown.",1,able-bodied
"We describe the South African Sign Language Machine Translation project, and point out the role that the project is playing in the larger context of South African Sign Language and accessibility for the South African Deaf community.",0,sign language
The platform consists of a smart cup which embeds sensors that monitor the patient's hand and arm motor activity at different times of the day.,0,patient
This paper presents a gesture recognition architecture dedicated to Sign Languages.,0,sign language
Facial and head movements have important linguistic roles in American Sign Language (ASL) and other sign languages.,0,sign language
"This paper will explore the ways in which artwork is described to visually impaired individuals, and the details the visually impaired express interest in knowing about the artwork.",1,visually impaired
Previous studies have highlighted the importance of Braille for Visually impaired children by suggesting that students who read Braille outside of the classroom have higher reading speed and fluency.,1,visually impaired
"The findings include insights about behaviours, problems and strategies employed by visually impaired persons while preparing meals using the following techniques: Boiling, Simmering, Roasting, and Frying.",1,visually impaired
"Our next steps are to explore the idea with children who are deaf and their parents, develop design guidelines for sign language dictionary apps, build the app using those guidelines and then to test the app with children who are deaf and their hearing parents.",0,sign language
"In contrast, iNetSim is assessable by blind and vision impaired users, in addition to those with normal vision.",1,normal
"A simple PVC mat was designed with markers printed on it, on which a subject can walk whilst being recorded by a mobile phone camera.",0,simple
"Unlike most auditory games for the blind, which typically use screen readers, we made high quality voice recordings of the entire user interface for our game.",1,the blind
"However, most block-based programming languages are not accessible to blind and visually impaired users because they rely upon visual drag-and-drop interaction, and because they typically create visual output.",1,visually impaired
"Currently, locating sign language videos (SL videos) in such sharing sites relies on the existence and accuracy of tags, titles or other metadata indicating the content is in sign language.",0,sign language
"With this paper, we argue that the underlying philosophical position implied in this approach can be seen as reductionist as the disabled experience is arguably richer and often more complex as can be projected from the functional limitations of people.",0,the disabled
The study also showed that the blind reviewer is able to do simple editing tasks independently with our workstation.,0,the blind
We then deployed the system in a building and field tested it with ten visually impaired users.,1,visually impaired
"By using a more capable dialogue, rather than a simple command paradigm, the chair can leverage off of the user's perceptual capabilities in order to process natural, high-level commands such as take me to the desk, which initiates a conversation with the chair to determine which desk and -if it is not immediately detected by the chair's sensors - where the desk is located.",0,simple
This paper investigates the challenge of designing accessible data visualizations through the lens of crip technoscience.,0,crip
A rule-based program was written in Prolog to give advice about how to configure a computing system for users who have special needs.,1,special needs
"Using captioning as a case study, I explore ways that technology could support accessible social norms, achieved by first paying close attention to the social, environmental, and technical factors that shape access for d/Deaf and hard of hearing (DHH) captioning users.",0,hard of hearing
The percent improvements predicted by Model 1A differed from the actual improvements by 11 percentage points for able-bodied subjects and 53 percentage points for spinal cord injured subjects.,1,able-bodied
"Using model-based speech synthesis, it is now possible to retain the vocal identity of the patient with minimal data recordings and even deteriorating speech.",0,patient
"The proliferation of online dating platforms has provided new opportunities for deaf and hard of hearing (DHH) individuals to seek, build, and maintain romantic relationships.",0,hard of hearing
"Moreover, having a rough mental map enhanced orientation and confidence when traveling through the&nbsp;museum.",0,mental
"More than 100 persons with mental and cognitive disabilities participated in the study (people with diagnoses such as depression, anxiety disorder, bipolarity, and schizophrenia).",0,disorder
This research represents the initial stages of our efforts to establish a digital library run by visually impaired individuals.,1,visually impaired
"We present a context-aware aid system for the blind that merges three levels of assistance enhancing the intelligibility of the nearby entities: an exploration module to help gain awareness of the surrounding context, an alerting method for warning the user when a stumble is likely, and, finally, a recognition engine that retrieves natural targets previously learned.",1,the blind
"Therefore, the lifestyles of visually impaired people tend to be misunderstood by others; and even wrong stereotypes of them could be spread in society.",1,visually impaired
"Ergonomics data has been collected during the experiment and analyzed, showing the usability of such devices by VDP and hence also by Visually Impaired Peoples (VIP).",1,visually impaired
We conducted participatory design with a deaf-blind person and describe the lessons learned about designing an interface for a deaf-blind person.,0,blind person
"Advancements in AI will soon enable tools for providing automatic feedback to American Sign Language (ASL) learners on some aspects of their signing, but there is a need to understand their preferences for submitting videos and receiving feedback.",0,sign language
We have developed a web tool to allow visually impaired users to specify locations and customize 3D map models for production with 3D printers.,1,visually impaired
"Also, one blind person conducts an experiment of walking with a walking assistant.",0,blind person
"This paper introduces SlidePacer, a tool aimed at improving coordination between the instructor--s speech, the sign language interpretation of the lecture and the slide projection change.",0,sign language
This paper aims to understand individuals’ support-seeking behavior in social media as they adjust to their “new normal”—life with reduced mobility and sensation.,0,normal
This puts individuals who are blind or visually impaired (BVI) at a great disadvantage.,1,visually impaired
So we have been developing a new method which visually impaired people can intuitively recognize the map using audio and touch panels which are recently seen in PCs and smart-phones.,1,visually impaired
Deploying auxiliary location-based services to complement GPS-based services has been a recent phenomenon to enable greater independence in navigation and wayfinding for persons with disabilities in unfamiliar environments.,0,persons with disabilities
"Motion-capture recordings of sign language are used in research on automatic recognition of sign language or generation of sign language animations, which have accessibility applications for deaf users with low levels of written-language literacy.",0,sign language
We found that 3D design and printing performs three functions in special education: developing 3D design and printing skills encourages STEM engagement; 3D printing can support the creation of educational aids for providing accessible curriculum content; and 3D printing can be used to create custom adaptive devices.,1,special
"AfricaSign offers to users multiple input modes, accommodates regional variation in multiple sign languages and allows the use of avatar technology to describe signs.",0,sign language
"However, these systems are not designed for ad-hoc access to sound, which enables a deaf person to explore sound from various audio sources and receive real-time feedback.",0,deaf person
Our investigation draws on interviews conducted with 18 individuals who have complex health needs that include mental health symptoms.,0,mental
We administered a survey to visually impaired adults that gauged general interest in drone piloting and previous experience with drones.,1,visually impaired
We performed a formative study on four able-bodied children using an electric wheelchair.,1,able-bodied
"This paper reports on mechanisms that have been devised to build in accessibility into SGML encoded electronic documents, concentrating on the work done in the CAPS Consortium—Communication and Access to Information for People with Special Needs, a European Union funded project in the Technology Initiative for Disabled and Elderly People (TIDE) Programme—and by ICADD, the International Committee on Accessible Document Design.",1,special needs
"In resource constrained countries, such as Pakistan, the visually impaired students may acquire the knowledge of Urdu Braille at special education schools.",1,visually impaired
"To tackle the lack of wheelchair service information and training in low and middle-income countries (LMICs), we deployed Wheelpedia, a WhatsApp chatbot powered by a large language model (LLM) as a design probe for 2 months to concretely explore how it can support wheelchair users and professionals in Nigeria and Kenya.",0,wheelchair user
This paper presents a method to convert vector graphics into tactile representations for the blind.,1,the blind
"Previously, we have investigate four simple summarisation algorithms against each other and a manually created summary; producing empirical evidence as a formative evaluation.",0,simple
"Through in-depth interviews, we engaged with four primary caregivers of individuals with dementia, delving into how care-giving shapes their social interactions, mental equilibrium, and emotional states.",0,mental
Usability  tests  have  shown  that  simple  diagrams  can  be  read  by  blind  users  within  relative  short  time.,0,simple
"In special education under the guidance of a teacher, we use a Zigbee sensor network to assist a 9-year-old child with toilet training.",1,special
Our preliminary survey and experiments indicate that this is a promising direction to pursue in supporting indoor navigation for the visually impaired.,1,visually impaired
"The dental care setting presents strong sound-visual stimulations that can upset a patient with autism, often forcing dentists to administer chemical sedation in order to deliver dental care.",0,patient
"It is important to understand how these types of tasks are experienced by Deaf and Hard of Hearing (DHH) people, especially if those tasks involve any sound or compete with attention shifts (e.g., observing someone signing) in both real and virtual environments.",0,hard of hearing
We then conducted a design probe study with four participants who were visually impaired to provide design guidelines to increase the accessibility of selfie editing apps with sticker features.,1,visually impaired
"Second, we designed, implemented, and evaluated two fully functioning prototypes that embody these preferences and requirements, serving as examples for future designers and furthering progress toward understanding how to best provide peripheral audio awareness for the deaf.",1,the deaf
"We introduce Goby, a swimming aid that provides audio feedback for blind and visually impaired athletes.",1,visually impaired
A  study  was  carried  out  in  order  to  assess  the  impact  of  certain  issues  on  the  usability  of  a  typical  speech  adaptation.,0,typical
Independent path-based mobility in an unfamiliar indoor environment is a common problem faced by visually impaired community.,1,visually impaired
"The MobileASL project aims to increase accessibility by enabling Deaf people to communicate over video cell phones in their native language, American Sign Language (ASL).",0,sign language
They are used to generate a repainted document that let the colorblind enjoy similar color effects that normal color vision person does for the original document.,0,normal
"We propose the SECPT Framework which based on the visually impaired people--s travelling experience, can be a starting point of the design process for designers to encounter visually impaired people, and enable them to quick understanding the target group and determine their research area.",1,visually impaired
"This system uses special color markers, placed at key locations in the environment, that can be detected by a regular camera phone.",0,special
It is obvious that this content is inaccessible for visually impaired people because of its visual richness.,1,visually impaired
"MEMOS features structured interactive reminding impulses, a flexible task scheduling, integration of a heterogeneous group of caregivers and integration in the patient's everyday life.",0,patient
Offering virtual remote office hours would benefit disabled and non-handicapped students and faculty alike.,1,handicapped
"This paper describes the design and evaluation of a new calibration protocol for motion-capture gloves, which is designed to make the process more efficient and to be accessible for participants who are deaf and use American Sign Language (ASL).",0,sign language
"Visually impaired individuals often face challenges related to physical inactivity, stemming from limited accessibility to sports activities.",1,visually impaired
"Through an iterative design process, we developed a visualization tool (Hevelius Report) that (1) abstracts six clinically relevant concepts from 32 features, (2) visualizes patient test results, and compares them to results from healthy controls and other patients, and (3) is an interactive app to meet the specific needs in different usage scenarios.",0,patient
We present an approach which incorporates visually impaired people by visually augmenting relevant parts of tactile maps.,1,visually impaired
This poster describes the design of an accessible audio-based interface for post-processing audio content created by visually impaired seniors.,1,visually impaired
Power assist devices help manual wheelchair users to propel their wheelchair thus increasing their independence and reducing the risk of upper limb injuries due to excessive use.,0,wheelchair user
"In  order  to  determine  the  usability  of  such  a device  and  to  have  a better  understanding  of  the  issues  that  may  arise  when  manipulating  it  for  actual  interactive  tasks,  two  visually  handicapped  persons  were  asked  to  use  the  device  to  follow reading  patterns with  one  or  two  hands.  ",1,handicapped
Our system has five special characteristics.,0,special
"The researchers report their observations regarding using remote real-time American Sign Language (ASL) interpreting, captioning, and auto-captions offered by the AoD platform.",0,sign language
Deaf or hard of hearing (DHH) people participating in an online meeting often face difficulties in capturing the affective states of other speakers.,0,hard of hearing
"Conditions such as Parkinson's disease (PD), a chronic neurodegenerative disorder which severely affects the motor system, will be an increasingly common problem for our growing and aging population.",0,disorder
"In this work, we present the Tactile Code Skimmer (TCS), a tool to aid blind and visually impaired programmers with skimming code.",1,visually impaired
"We explore this idea through the lens of American Sign Language (ASL), presenting 1) a pilot study underscoring the potential value of an animated ASL character system, 2) a structured approach for designing animations for an existing ASL character system, and 3) a design probe workshop with ASL users eliciting guidelines for the animated character system design.",0,sign language
"The lack of attention to race as a construct in accessibility research presents an oversight in our field, often systematically eliminating whole areas of need and vital perspectives from the work we do.",0,whole
"Blind or Visually Impaired (BVI) people often encounter flat, inaccessible interfaces.",1,visually impaired
We evaluated four audio CAPTCHA schemes with 60 sighted and 19 visually impaired participants.,1,visually impaired
"This application has a beautiful tangible interface that would attract the attention of both visually impaired and sighted people, and multiple functions that are likely to induce collaborative communication among users.",1,visually impaired
"The results show that the system is useful in obtaining information that links geometric shapes, contents, and locations to then build a rough mental map.",0,mental
In this paper we present the results of a study designed to evaluate the computer-based methods of learning American Sign Language (ASL).,0,sign language
These findings will shape our future efforts to improve accessibility and self-directed learning for visually impaired individuals.,1,visually impaired
We hope that the WatchMe system will contribute to improving the lives of the elderly by creating a healthy link between them and their loved ones.,0,healthy
"Therefore, we designed a new visualization dashboard for Hong Kong SENCOs and special-ed teachers to assist them in pre-screening students with SLDs.",1,special
"To explore the potential of smartwatches in special education, we designed, developed and evaluated WeLi - a wearable application that assists students with intellectual and developmental disabilities (IDDs) in educational environments.",1,special
"Using results in the psycholinguistics literature on the speed and timing of American Sign Language (ASL), we built algorithms to calculate the time-duration of signs and the location/length of pauses during an ASL animation.",0,sign language
We use very low bitrates (10-60 kbps) and two low spatial resolutions (192\texttimes{}144 and 320\texttimes{}240 pixels) which may be typical of video transmission on mobile phones using 3G networks.,0,typical
"Additionally, we examined these factors using both simple and complex trends.",0,simple
"Formative studies were conducted with several blind and visually impaired participants, whose feedback is guiding the development of the user interface.",1,visually impaired
"Using Jod, we conducted six mixed hearing group sessions with 34 participants, including 18 d/Deaf or hard of hearing participants, 10 hearing participants, and 6 sign language interpreters.",0,hard of hearing
"To investigate preferences for and design of accessible on-body interaction, we conducted a study with 12 visually impaired participants.",1,visually impaired
"Yet, the use of technology in creative sound activities by people who are deaf, Deaf, and hard of hearing (DHH) has been underexplored by the research community.",0,hard of hearing
Several input solutions were examined to support interaction between a young patient and computer-based systems.,0,patient
"However, these tools continue to emerge primarily within the framework of ""treatment,"" emphasizing resolution or improvement of mental health symptoms.",1,mental
"To address this, we extended personalized ICV simulations to work in real time on a mobile device to allow people with typical colour vision greater freedom in exploring ICV.",1,typical
"Deaf and hard of hearing (DHH) individuals do not have equal access to audio information in most educational settings, even with visual translation accommodations such as sign language interpreters or captioners.",0,hard of hearing
"They are particularly apparent with the blind population, as these devices lack tactile cues and are extremely visually demanding.",0,the blind
We intend to create a mobile device-based system to help hearing parents learn sign language.,0,sign language
"We introduce a new resource for American Sign Language (ASL) modeling, the Sem-Lex Benchmark.",0,sign language
"This suggests that PSNR may not be suitable for representing subjective video quality, but can be reliable as a measure for comprehensibility of American Sign Language (ASL) video.",0,sign language
"This paper details an authentication mechanism aimed to aid individuals with visual impairments in accessing online accounts on desktop computers, and decrease the security threat of observers, or shoulder surfer, by providing an alternative to entering typical alphanumeric passwords on keyboards.",1,visually impaired
"This paper presents a collaborative approach between members of the student support service, researchers and a special needs student in order to improve his access to and participation in university education.",1,special needs
"Speech output is frequently used to provide access to interactive systems for visually impaired users, many of whom are older adults.",1,visually impaired
"Many new technologies have been developed to assist people who are visually impaired in learning about their environment, but there is little understanding of their motivations for using these tools.",1,visually impaired
Participants found the app simple to use indicating that they could effectively train it and that the descriptors were useful.,0,simple
This paper presents some of the first insights into the use of vlogging technology and techniques among the Deaf community.,0,the deaf
In this experience report we describe challenges faced by the visually impaired and explain how remote access programs in combination with voice communication programs can be used to---at least partially---compensate for those disadvantages because they don't transmit magnification.,1,visually impaired
"This paper explores the concept of audio-based games in stroke rehabilitation, hypothesizing that the removal of a visual dimension might increase patient focus on the body part being trained.",0,patient
Autistic individuals engage in sense-making as they seek to better understand themselves and relate to others within a society formed by neuro-typical social norms.,0,typical
"In this experience report, we describe an approach to ability-based focus groups with sign language users in a remote environment.",0,sign language
In this paper we discuss the progress made toward accurate synthesis of signs in American Sign Language (ASL) using a finite number of descriptive parameters.,0,sign language
"In a still ongoing multi-year research process we followed a user centred approach to explore how visually impaired people can be supported in indoor navigational issues, whether vibrotactiles are the right channel for this, where the actuators should sit on the body, whether the hardware solution would be acceptable for people to use on a daily basis in public and how they feel about the system after three weeks of usage.",1,visually impaired
We describe an initial attempt to develop a common platform for adding an audio description (AD) to an online video so that blind and visually impaired people can enjoy such material.,1,visually impaired
"Furthermore, we conducted a three-week experiment with nine healthy participants to verify the relationship between the level-up element of the player character in the game and the players’ playing styles, including playing time and frequency.",0,healthy
"The Deaf or Hard-of-Hearing (DHH) community constitutes over 430 million people globally, with about 70 million of them using sign language as their primary means of communication.",0,hard of hearing
"Through a questionnaire and discussion of photos with participants, we found that our solution provides a valuable mechanism for building understanding of ICV for people with typical colour vision.",1,typical
Results from a focus group with visually impaired users informed the design of the system.,1,visually impaired
"This document describes LuzDeploy, a system to break these installation and maintenance workflows into small, simple tasks that be completed by volunteers with little to no training.",0,simple
A pilot study with 16 able-bodied participants showed that our predictive methods led to a 108.4\% increase in phoneme entry speed and a 79.0\% reduction in phoneme error rate.,1,able-bodied
We argue that the results should be used as the initial step for proposing guidelines that assist in designing and transforming Web pages for an easier and faster access for visually impaired users.,1,visually impaired
On-line   implementations  of  the  LF-ASD  has  shown  promising   results  in  respond  to  actual  index  finger  flexions  and   imagined finger flexions within able-bodied subjects.,1,able-bodied
The goal is to provide flexible multi-modal navigation schemes which can help visually impaired users in comprehending Excel charts.,1,visually impaired
"This paper presents a novel software platform for developing and interacting with multimodal interactive electronic textbooks that provide a Dual User Interface, i.e., an interface concurrently accessible by visually impaired and sighted persons.",1,visually impaired
"In this work, we present a platform designed for children with Autism Spectrum Disorder to develop language and generalization skills, in response to the lack of applications tailored for the unique abilities, symptoms, and challenges of the autistic children.",1,disorder
"Sign languages lack a standard written form, preventing millions of Deaf people from accessing text in their primary language.",0,sign language
"In this paper we describe how we worked closely together with persons that have mental and cognitive disabilities in order to test and develop methods for participation in assessments and in processes for developing, Information and Communication Technology (ICT) products and services.",0,mental
"However, to the best of our knowledge, there is no study that examines in-depth requirements of both the planning of a trip and its implementation, looking separately at the various special needs of people with low vision and blindness.",1,special needs
Proximity-based interaction through a long cane is essential for the blind and the visually impaired.,1,the blind
"As hearing loss is arousing more and more public concern, different researches have been conducted on translating the sign language into spoken language.",0,sign language
Constraints are defined over the normal vision color space.,0,normal
"In order to ensure that this device will be useful to the blind community, we conducted surveys and interviews and we are working with subjects to test prototypes of the device.",0,the blind
The development of 3D printing technology has improved the engagement of the visually impaired people when experiencing two-dimensional visual artworks.,1,visually impaired
"RAF technologies have complex social, cultural and self-identity implications, since a ""meal"" extends well beyond the simple provisioning of nourishment.",0,simple
"A visit to hospital is traumatic for both a patient with disabilities and their family members, especially when the patient has no or limited functional speech [1].",0,patient
"However, in Hong Kong, it takes years for special education needs coordinators (SENCOs) and special-ed teachers to pre-screen and diagnose students with SLDs.",1,special
"In this survey, we determine how well PSNR matches human comprehension of sign language video.",0,sign language
"Searching unfamiliar American Sign Language (ASL) words in a dictionary is challenging for learners, as it involves recalling signs from memory and providing specific linguistic details.",0,sign language
"As part of the Blind Programming Project at Southern Illinois University Edwardsville, we are investigating ways to make programming more fun for school aged blind children.",0,the blind
"However, almost all of these applications are designed for normally sighted users; a major barrier for visually impaired users (who might benefit greatly from such applications) is the difficulty of taking good-quality images.",1,visually impaired
This paper describes improved methods of web access for  the visually impaired.,1,visually impaired
"We demonstrate a novel assistive device which can help the visually impaired or blind people to gain more safe mobility, which is called as ""EYECane"".",1,visually impaired
"Autism is classified as a neurodevelopmental disorder that manifests itself in markedly abnormal social interaction, communication ability, patterns of interests, and patterns of behavior [1].",1,abnormal
"Through discussion with physical therapists at the Kaohsiung County Special Education School, researchers understood that students with physical disabilities typically lack enthusiasm for rehabilitation, hindering their recovery of limb function and ability to care for themselves.",0,special
"In this spirit, we present our work leveraging these technologies to create a smartphone app to empower people who are visually impaired to more easily navigate indoor environments.",1,visually impaired
Considerations  about  blind  people?s  relation  to  pictures  of  real  world  objects  lead  to  the  conclusion  that  blind  and  sighted  people  have  very  similar  mental  models  of  the  3D  world.,0,mental
"To overcome the barriers in accessibility and robustness, we build a large language model (LLM)-based tool for that provide feedback to sign language learners.",0,sign language
The results showed that the proposed system succeeded in enabling the visually impaired participants to recognize the 3D shapes.,1,visually impaired
In earlier systems the user interface was a simple character based environment.,0,simple
We describe existing challenges that blind and visually impaired people encounter when trying to write alternative text for their own photographs and examine how their online sighted friends and family members might be able to contribute assistance as they make their content more accessible to other people with visual impairments.,1,visually impaired
Promising new research appears to suggest the same for the vocalization of low functioning children with Autistic Spectrum Disorder (ASD).,0,disorder
Braille and audio feedback based systems have vastly improved the lives of the visually impaired across a wide majority of the globe.,1,visually impaired
This is because the mental depiction of the context is drastically lessened due to the absence of visual information.,0,mental
The cursor trajectories of six motion-impaired users and three able-bodied users are studied according to their submovement structure.,1,able-bodied
"CopyCat is an American Sign Language (ASL) game, which uses gesture recognition technology to help young deaf children practice ASL skills.",0,sign language
"In this report, we show a sign language translation system which we are developing.",0,sign language
BrailleBlocks is a system to help blind or visually impaired children learn Braille with a sighted parent.,1,visually impaired
"To this end, we have interviewed members of our target population to gain understanding of their motivations and needs when learning sign language.",0,sign language
"WheelPoser is able to track a wheelchair user’s pose with a mean joint angle error of 14.30° and a mean joint position error of 6.74&nbsp;cm, more than three times better than similar systems using sparse IMUs.",0,wheelchair user
"The captions produced by commercial automatic speech recognition (ASR) software are far cheaper, but is often perceived as unreadable due to ASR's sensitivity to accents, background noise and slow response time.",0,slow
"This research explores sign language in virtual reality 360-degree three degrees of freedom videos, exploring two rendering modes, fixed-position and always-visible, and two visual guiding methods, arrows and radar.",0,sign language
"Deaf and hard of hearing (DHH) people have limited access to auditory input, so they mainly receive visual information during online meetings.",0,hard of hearing
"We discuss our main lessons learned in terms of requirements for sign language-accessibility within research, calling out issues such as the need to address users in their natural language, ensuring translation for all parts of research processes, and including users not only within the conducted method but already within preparation phases.",0,sign language
"Participants also raised questions about how the technology would satisfy their need for situational awareness, how the technology would enable blind or visually impaired operators to verify their arrival at their desired location and a host of issues related to parking, vehicle location and roadside assistance.",1,visually impaired
Persons with disabilities have significantly lower employment rates partly due to the lack of access to education and vocational rehabilitation and training.,0,persons with disabilities
"The approach facilitates customization, allowing users to easily embed images of almost any special interest into computer-based interventions.",0,special
"This study introduces an archery exertion game called “Hearing the Bullseye"", designed to provide a harmonious gaming environment for visually impaired players and their sighted family and friends.",1,visually impaired
Sign language is one means of communication for hearing-impaired people.,1,hearing-impaired
"However,  today's  browsers  are  primarily  graphically  or  text  oriented,  which  makes  the  whole  system  inaccessible  to  sight- impaired  users.  ",1,sight- impaired
"This work covers two distinct but related areas: first, the development of an XML-compliant notation for deaf sign language gestures, which can be used to drive the signing avatar; and, second, the development of a framework supporting the translation of natural language text into this gesture-orientated notation.",0,sign language
"The Tapulator, a complete calculator based on this non-visual numeric entry that uses simple gestures for arithmetic operations and other calculator actions is described.",0,simple
"In this paper, we extend Virtual Shelves--an interaction technique that leverages proprioception to access application shortcuts--for visually impaired users.",1,visually impaired
"We find that, while the majority of captioning research does not demonstrate a collective communication access approach, it reaches a baseline of targeting change toward inaccessible technical infrastructures and engaging d/Deaf and hard of hearing people as captioning experts.",0,hard of hearing
"Because many individuals with severe speech impairments have concomitant limb impairments, repetitive and precise movements can be slow and effortful.",0,slow
"Slide deck accessibility is often studied for people who are blind or visually impaired, but rarely for other people with access needs.",1,visually impaired
"In this paper, we explore the current use and future potential of fitness technologies for stamina and fatigue management in wheelchair basketball, a team-based sport originally created for paraplegic athletes.",0,paraplegic
"Based on requirements such as these, we argue that HCI research currently faces a dilemma when it comes to hearing researchers working with the sign language user population—having to handle the increasingly emphasized demand for conducting user research with this specific target group while lacking accessible tools and procedures to do so.",0,sign language
"It is proposed that by involving a wide number of users in the creative design process, intuitive auditory cues will be implemented with the potential to enhance spoken mathematics for visually impaired users.",1,visually impaired
Various interfaces have been devised including some simple voice controlled chairs that can understand simple commands.,0,simple
"Online data visualizations are widely used to communicate information from simple statistics to complex phenomena, supporting people in gaining important insights from data.",0,simple
"This paper reports on the design of FOQUS, an app running on a smartwatch to aid adults with mental health issues like ADHD and mild forms of attention deficiency through two main routes -- tools to foster extended focus and tools to reduce anxiety/stress.",0,mental
"Thus, we propose (1) a German grammar with syntax rules and vocabulary for mobile pedestrian navigation systems that take into account the special requirements of people with visual impairments.",1,visually impaired
"Motivated by prior findings of bystanders’ perspectives, we conducted two online surveys with visually impaired (N=128) and sighted (N=136) participants with two ‘field-of-view’ (FoV) experimental conditions related to whether information about bystanders was gathered from the front of the glasses or all directions.",1,visually impaired
"In this work, we reframe the role of machine learning as a provocation through a case study of participatory work co-creating exergames by employing machine learning and its training as a source of play and motivation rather than an accurate diagnostic tool for children with and without Sensory Based Motor Disorder.",0,disorder
A comparison of the relative value of the five video features shows that a measure of the symmetry of movement relative to the face is the best feature for distinguishing sign language videos.,0,sign language
"Unfortunately, the lack of accessibility, specifically for visually impaired developers, does not allow for universal participation.",1,visually impaired
Collected results highlight ways in which Google interfaces could be modified in order to improve usability for the blind.,1,the blind
"The overall functionality of AT depends on a set of requirements that are not always fulfilled by application developers, often resulting in cumbersome and slow interactions, or even render content inaccessible.",0,slow
The advent of system-wide accessibility services on mainstream touch-based smartphones has been a major point of inclusion for blind and visually impaired people.,1,visually impaired
A critical component of the worldwide response to the novel coronavirus COVID-19 pandemic has been providing the general public with information about the virus and the health measures designed to slow its spread.,0,slow
Members of this community access online sign language (SL) content posted on video sharing sites to stay informed.,0,sign language
This study focuses on the use of web accessibility software by people with cerebral palsy performing three typical user tasks.,1,typical
We have built a functional prototype of a mobile phone app that allows children who are deaf to look up American Sign Language (ASL) definitions of printed English words using the camera on the mobile phone.,0,sign language
"Development of automatic sign language translation (ASLT) systems could help translate between a sign language and spoken language in situations where human interpreters are unavailable, and recent advances in large multi-lingual language models may soon enable ASLT to become a reality.",0,sign language
"Informal learning environments (e.g., aquaria, zoos, science centers) are often inaccessible to the visually impaired.",1,visually impaired
These findings are based on observational data that was gathered from a study involving a visually impaired participant and a sighted companion exploring a gallery of artwork together and conversing about the artwork.,1,visually impaired
We present a simple and affordable device developed in order to address difficulties that diabetics who are blind or visually impaired encounter when attempting to independently operate a glucometer.,1,visually impaired
Machine learning techniques have the potential to play an important role in sign language recognition.,0,sign language
"Unfortunately, virtual worlds are currently not accessible to users who are visually impaired.",1,visually impaired
"For example, an adult with mental disorder may want to lead a more independent life and be capable of getting trained and keeping employed, but may experience difficulty in using public transportation to and from the workplace.",1,disorder
Nine participants with cerebral palsy performed three typical web tasks.,0,typical
The Deaf and Hard-of-hearing (DHH) community faces a lack of information in American Sign Language (ASL) and other signed languages.,0,hard of hearing
The most common CAPTCHAs require humans to decipher characters from an image and are unsuitable for visually impaired people.,1,visually impaired
"This paper developed and evaluated a prototype system that estimates types of ground surfaces by applying supervised learning techniques to activity sensing data of wheelchair users recorded by a three-axis accelerometer, focusing on knowledge extraction and visualization.",0,wheelchair user
"With Talkit++, a visually impaired student can explore a printed model tactilely, and use finger gestures and speech commands to get more information about certain elements in the model.",1,visually impaired
"Technology to automatically synthesize linguistically accurate and natural-looking animations of American Sign Language (ASL) from an easy-to-update script would make it easier to add ASL content to websites and media, thereby increasing information accessibility for many people who are deaf.",0,sign language
"Thinkers and activists in Disability Studies have conceptualised disability in various ways and more recently, critical realism was proposed as a philosophical position through which the many different facets of the disabled experience could be incorporated.",0,the disabled
"For end-users it is currently difficult to regulate the prominence of most mainstream high-tech AAC devices and tablet-based apps – they are socially conspicuous, offer poor portability, are aesthetically unconsidered, and obstruct vital non-verbal communication pathways.",0,non-verbal
Parents are most interested in acquiring more fluent sign language skills through learning to read stories to their children.,0,sign language
The final product of this research will enable visually impaired people to enjoy all the library services and resources as well as the enormous amount of information on the web more freely.,1,visually impaired
This is especially the case for visually impaired users when a hypertext anchor is inaccurately described or is described out of context.,1,visually impaired
The widespread use of images without ALT tags on webpages reduces accessibility for the visually impaired.,1,visually impaired
Smartphones provide new exciting opportunities to visually impaired users because these devices can support new assistive technologies that cannot be deployed on desktops or laptops.,1,visually impaired
A major factor in differentiating closed captioning from closed interpreting is that many deaf and hard of hearing signers rely on ASL as their primary means of communication and thus English captioning is not satisfactory.,0,hard of hearing
Our database of signing samples was collected from user studies of deaf children playing aWizard of Oz version of the game at the Atlanta Area School for the Deaf (AASD).,1,the deaf
We should then be able to develop a system that will enable hearing-impaired and normal-hearing people to play music together.,1,hearing-impaired
"Recent research has investigated automatic methods for identifying how important each word in a text is for the overall message, in the context of people who are Deaf and Hard of Hearing (DHH) viewing video with captions.",0,hard of hearing
"In this paper, we describe a study comparing the strengths of a multimodal Virtual Reality (VR) interface against traditional tactile diagrams in conveying information to visually impaired and blind people.",1,visually impaired
"In the era of ubiquitous information technologies shaping our everyday lives, the advancements of technologies ‘for the deaf’ have provided significant access for deaf users not only for participation in hearing-dominated environments but also within deaf communities.",0,the deaf
"For individuals having a motor disorder of neuromuscular origin, computer usage can be challenging.",1,disorder
A tactile map is an assistive tool for visually impaired persons to obtain special information.,1,visually impaired
"Navigating new traffic patterns can be challenging for everyone, but it poses particular difficulties for individuals who are blind or visually impaired (BVI).",1,visually impaired
12 experts across two focus groups were successful in identifying accessibility barriers throughout a set of typical early co-design activities.,0,typical
"However, language immersion can be particularly challenging for hearing parents of deaf children to provide as they may have to overcome many difficulties while learning American Sign Language (ASL).",0,sign language
"Heart failure (HF) is a leading cause of hospital admissions and readmissions, and carries significant morbidity and mortality in the elderly patient population.",0,patient
"We evaluate three interaction modes to assist visually impaired users during the camera aiming process: speech, tone, and silent feedback.",1,visually impaired
"While there is significant merit in adopting current technologies for individuals with epilepsy and their caregivers to monitor seizure patterns and notify caregivers of epileptic episodes, little effort has been made to address the user requirements of such technologies in relation to stigma-related concerns.",0,epileptic
"Instead, they are forced to go through a slow and tedious process of building a mental map of the web page, relying primarily on a screen reader's keyboard shortcuts and its serial audio readout of the textual content of the page, including metadata.",0,slow
"To increase VR sound accessibility for deaf and hard of hearing users, previous work has substituted sounds with visual or haptic feedback.",0,hard of hearing
"The range of abilities is more diverse than for able-bodied users, which makes analytical modelling harder.",1,able-bodied
"Through conducting an interview study with five visually impaired parents/guardians, we illuminate the importance parents place on images in children’s books, how they access visual information in children’s print books, and the potential of smart speakers in assisting their existing co-reading practices.",1,visually impaired
"The study indicates that the present interface is usable without prior training or instructions, even for the younger children, although it needs some improvement to fit illiterate children.",1,illiterate
"In this paper, we follow an iterative design process with feedback and suggestions from seven visually impaired participants, designing and testing AR magnification ideas using the Microsoft HoloLens.",1,visually impaired
"By considering the accessibility and ubiquity of input techniques, we can design for both motor-impaired users and ""situationally impaired"" able-bodied users who are on-the-go.",1,able-bodied
In this experience report we describe the accessibility challenges that deaf and hard of hearing committee members faced while collaborating with a larger group of hearing committee members over a period of 2½ years.,0,hard of hearing
"Therefore, many students with SLDs missed the golden time for special interventions (i.e., before six years old).",0,special
"This poster describes an approach to creating a tool to aid blind, low-vision, dyslexic, and other non-visual readers in skimming a document to answer questions.",0,dyslexic
"Prior work has explored communication challenges faced by people who are deaf and hard of hearing (DHH) and the potential role of new captioning and support technologies to address these challenges; however, the focus has been on stationary contexts such as group meetings and lectures.",0,hard of hearing
This problem of accessing information and services on the web escalates even further for visually impaired in developing regions since most are either semi-literate/illiterate or cannot afford computers and high-end phones with screen reading capability.,1,illiterate
"Results show that the system allowed artist and audience to feel a sense of unity, expanded the imagination of creative possibilities, and challenged conventional perceptions of disability in the arts and beyond.",0,challenged
"This paper presents the results of a 3-year study aimed at the development of an assistive technology that is specifically aimed at allowing students with visual disabilities to take handwritten and/or typed notes in the classroom, without relying on any classroom infrastructure, or any special accommodations by the lecturer or the institution.",1,special
Our focus user group comprises people with severe form of spastic cerebral palsy and highly restricted motor movement skills.,0,spastic
We co-designed with one blind participant and two teachers for the visually impaired (TVI) to refine our paradigms and created prototypes of bar graphs of varying levels of complexity with each paradigm.,1,visually impaired
"This study investigates patterns in the questions that visually impaired users ask about their surroundings, and presents the benefits and limitations of responses from both human and computerized sources.",1,visually impaired
"In a study with native ASL signers evaluating animations generated from either our new model or from a simple baseline (uniform speed and no pauses), participants indicated a preference for speed and pausing in ASL animations from our model.",0,simple
The rapid advancement of World Wide Web (Web) technology and constant need for attractive Websites produce pages that hinder visually impaired users.,1,visually impaired
"The differential of this game is that its input consists of videos of the user performing signs from Brazilian Sign Language corresponding to Latin alphabet letters, recorded through the game graphical interface.",0,sign language
"Moreover, displays are provided to guide the patient's movement.",0,patient
"In this case, during group sessions that involve multiple participants and various visual aids, interpreters often have limited access to the Deaf clients’ environment due to the constraints of their cameras’ field of view (FOV).",0,the deaf
"It also describes a pragmatic,  empirical methodology, closely involving dyslexic users,  which has proved highly effective.",0,dyslexic
We believe that our approach have taken steps to implement possibilities for persons with mental and cognitive disabilities to take part where user participation is needed in order not to discriminate or exclude but also to improve the overall quality of the end result.,0,mental
In this paper we present the results of a study designed to evaluate the ability of novices learning sign language to ascertain the details of a particular sign based on video presented on a mobile device.,0,sign language
"Solving a simple task in the domain of week planning, subjects readily interacted with the system.",0,simple
The work of the phonodiologist can be however strongly reduced by using appropriate devices that can help the patient to train the voice positioning.,0,patient
"Given that sign language is used as a primary means of communication by as many as two million deaf individuals in the U.S. and as augmentative communication by hearing individuals with a variety of disabilities, the development of robust, real-time sign language recognition technologies would be a major step forward in making computers equally accessible to everyone.",0,sign language
Jido is a conversational tactile map and a mobile application prototype to improve the orientation and mobility of visually impaired people.,1,visually impaired
"In special education under the guidance of a teacher, we used a ZigBee sensor network called ZigADL to assist a 9-year-old child.",1,special
"Visually impaired players (VIPs), however, must often rely heavily on SATs to gain spatial awareness, especially in complex environments where using rich ambient sound design alone may be insufficient.",1,visually impaired
"In this paper, optimized communication interfaces in which users select phonemes (sounds) instead of letters or whole words are presented and evaluated.",0,whole
"The DARE index is a benchmarking tool, for disability advocates, governments, civil society, international organizations and policy makers to trace country progress in making Information and Communication Technologies (ICT) accessible for all, in compliance with Article 9 of the Convention on the Rights of Persons with Disabilities (CRPD).",0,persons with disabilities
"Videoconferencing usage has surged in recent years, but current platforms present significant accessibility barriers for the 430 million d/Deaf or hard of hearing people worldwide.",0,hard of hearing
"To facilitate the inclusion of such users in studies, we created an ASL translation of SUS following accepted methods of survey translation: using a bilingual team including native ASL signers who are members of the Deaf community, along with back-translation evaluation to determine whether the meaning of the original was preserved.",0,the deaf
"In this paper, we describe an early study conducted with sixteen visually impaired persons, most of whom were financial novices, for co-designing the interaction interface for C hartMaster.",1,visually impaired
Wheelchair users can find accessing digital content on large multi-touch tables particularly difficult and frustrating due to their limited reach.,0,wheelchair user
We explore a community of blind or visually impaired (BVI) people through video blogs (vlogs) on YouTube.,1,visually impaired
Sign'Maths is an online dictionary that gives deaf students access to mathematical definitions in Sign Language.,0,sign language
"In an attempt to (lexically) document as many endangered sign languages in Africa as possible, we have developed a low-barrier, online crowd-sourcing platform (AfricaSign) that enables the African deaf communities to document their sign languages.",0,sign language
"Blind and visually impaired subjects performed a usability-test, and experts in the field of human-computer-interaction evaluated the dispenser system?s usability heuristically.",1,visually impaired
Programs which use the multimedia tool ACMUS for musical therapy sessions for patients with severe mental disorders are feasible and of clinical interest for future research.,1,mental
"Overall, our work contributes to our understanding of the possibilities and challenges of connecting the disabled community with the maker community and suggests new directions for collaboration, especially towards building hybrid makerspaces that provide multiple modalities for connection and creativity.",0,the disabled
"If several mental states can be reliably distinguished by recognizing patterns in EEG, then a paralyzed person could communicate to a device like a wheelchair by composing sequences of these mental states.",0,mental
"Smartwatches have the potential to provide glanceable, always-available sound feedback to people who are deaf or hard of hearing.",0,hard of hearing
"No buttons are used--only simple, easy-to-remember gestures.",0,simple
Visually impaired users are hindered in their efforts to access the World Wide Web (Web) because their information and presentation requirements are different from those of a sighted user.,1,visually impaired
Certified orientation and mobility specialists (COMS) work with clients who are blind or visually impaired (BVI) to help them travel independently with confidence.,1,visually impaired
"To address this challenge, we develop VisualComm, a tool to support communication between deaf and hearing persons with sign language recognition technology by using the Kinect.",0,sign language
This leaves deaf and hard of hearing users with no way of learning about events that provide no spoken information such as the sounds produced by a faulty appliance or the barked alert of a dutiful guard dog.,0,hard of hearing
"Especially for visually impaired people, mobility is important function for promoting social participation.",1,visually impaired
This study presents a situation-based wayfinding system for the visually impaired.,1,visually impaired
"In the experiment, the visually impaired people could lead the collaborative work without hesitating even in front of the sighted people whom they did not know very well.",1,visually impaired
"Gesture typing outperformed the typical tap typing for older adults, and was very easy for them to learn.",0,typical
"We assert that understanding how sighted users browse Web pages can provide important information that will enhance Web Accessibility, especially for visually impaired users.",1,visually impaired
Maps have been made in the past for visually impaired people but people felt uncomfortable using them.,1,visually impaired
The power of this approach is that it is possible to use the patient's recordings to adapt existing voice models pre-trained on many speakers.,0,patient
We found that there is a great need to provide blind and visually impaired people with more flexible tool to access rich media content.,1,visually impaired
"In this study, we investigate a new approach that uses Sign Language as a means to navigate and access online content.",0,sign language
"Sighted people often have the best of intentions when they want to help a blind person navigate, but their well meaning is also often coupled with a lack of knowledge and understanding about how a person navigates without vision.",0,blind person
A working prototype of this system has been tested on the issue of currency bill recognition encountered by most of the blind people.,0,the blind
"However, existing computer-aided design (CAD) tools that allow authoring and editing of 3D models are mostly visually reliant and limit access for people who are blind or visually impaired.",1,visually impaired
"Since there is no universal profile of a user with dyslexia, the layout settings are customizable and users can override the special layout setting according to their reading preferences.",0,special
Researchers evaluate their sign language animation systems by collecting subjective judgments and comprehension-question responses from deaf participants.,0,sign language
"Employing a participatory design methodology, we involved visually impaired individuals throughout the development process of specialized kickboxing equipment.",1,visually impaired
"Telepresence robots provide a unique opportunity for people with DD to access public spaces, particularly for those who are homebound or dependent on others for using transportation or buying exhibit tickets.",1,homebound
Implementation was kept open-ended to allow teachers to use it in ways that best fit with their existing embedded practices.,0,fit
This paper presents an indoor wayfinding system to help the visually impaired finding their way to a given destination in an unfamiliar environment.,1,visually impaired
"Embodied Exploration&nbsp;allows wheelchair users to explore high-fidelity digital replicas of physical environments with themselves embodied by avatars, leveraging the increasingly affordable VR headsets.",0,wheelchair user
"Results from the second study confirm that captioning online videos makes the Internet more accessible to the deaf users, even when the captions are automatically generated.",0,the deaf
The goal of HoloLearn is to help people with NDD learn how to perform simple everyday tasks in domestic environments and improve autonomy.,0,simple
"Individuals diagnosed with autism spectrum disorder (ASD) often fixate on narrow, restricted interests.",0,disorder
Animations produced by the new system were tested with 40 members of the Deaf community in the United States.,0,the deaf
We propose a new captioning-focused evaluation metric that better predicts the impact of ASR recognition errors on the usability of automatically generated captions for people who are Deaf or Hard of Hearing (DHH).,0,hard of hearing
"Emergent themes included trustworthiness, flexibility in formatting, use of multimedia, multiple modes of communication, cost, and accommodations for special interests.",0,special
"Audio description, an accessibility service used by blind or visually impaired individuals, provides spoken descriptions of visual content.",1,visually impaired
"This method enables rapid verification of the hand mouthing intervention strategies proposed by special education teachers, thereby reducing students' hand-mouthing behavior and facilitating individual learning.",1,special
"In this paper, we present a system that uses 3D printing to (1) make tactile maps more affordable to produce, (2) allow visually impaired individuals to independently design and customize maps, and (3) provide interactivity using widely available mobile devices.",1,visually impaired
This proves that it is possible to design inclusive unified interfaces for motor-impaired and able-bodied users once the correct parameterization or adaptability is assured.,1,able-bodied
"When visually impaired pedestrians walk from one place to another by themselves, they must update their orientation and position to find their way and avoid obstacles and hazards.",1,visually impaired
"This approach could make computer labs with expensive software not only accessible to the disabled, but instead, to everyone around the clock while saving money, which is still being spent to pay lab supervisors to keep the labs open for a few hours without losing---but instead---gaining functionality.",1,the disabled
"In this paper, we present a 2.5-year autoethnographic travel account of a hard of hearing individual-Jain.",0,hard of hearing
"It employs a simple user model describing visual, cognitive, motor, and other abilities.",0,simple
The blind user fills out the form fields in the HTML page with their screen reader and these filled-in data values are transparently transferred onto the corresponding form fields in the PDF document.,0,the blind
"This presentation demonstrates a working prototype of the CUbiC Note Taker, which is a highly portable device that allows students who are legally blind to take their own notes in class without any special in-classroom accommodations, and without requiring lecturers to adapt their presentation in any way.",0,special
"The linear layout of the EZ ballot structure fundamentally re-conceptualizes ballot design to provide the same simple and intuitive voting experience for all voters, regardless of ability or input/output (I/O) device used.",0,simple
"This paper extends our previous research into DIY tools in special education settings [1] and presents the development of a unique tool, GripFab, for creating 3D-printed custom handgrips.",1,special
"Deaf children benefit from early exposure to language, and higher levels of written language literacy have been measured in deaf adults who were raised in homes using American Sign Language (ASL).",0,sign language
"Sign language learners often find it challenging to self-identify and correct mistakes, and so many turn to automated methods that provide sign language feedback.",0,sign language
"While we believe this model is uniquely suited for individuals with ASD, we also foresee this approach being useful for anyone that might like a quick and simple way to personalize software programs.",0,simple
Switching between them supports the development of a mental model of a chart.,0,mental
This paper presents an approach to improve the accessibility of kickboxing for visually impaired individuals.,1,visually impaired
Independent mobility is one of the main challenges for blind or visually impaired (BVI) people.,1,visually impaired
For example abrupt and frequently changing online social networks were reported to slow down or prevent use.,0,slow
It is likely that this research will uncover typological features exhibited by African sign languages.,0,sign language
"This paper discusses the main objectives of the ASL CLeaR, describes the components of the application, and suggests future work that could lead to improved educational outcomes for deaf and hard of hearing students in STEM topics.",0,hard of hearing
"This paper discusses about an architecture of user interface toolkit to support flexibility required by both users with disability and users in special environment, and proposes a model of semantic abstraction of user interaction, named abstract widgets.",0,special
A low-fidelity prototype was developed and usertested on one visually impaired and two blindfolded participants.,1,visually impaired
"The participant strongly demanded to improve the low accuracy and the slow software keyboard typing, and the poor understanding of the shape of the picture.",0,slow
"The possibility of pre-compensating images in a computer display according to the visual aberrations previously assessed in an optical system (e.g., the computer user's eye) has been confirmed for a simple ""artificial eye"".",0,simple
"Interacting with close-range objects in Virtual Reality (VR) is often prompted by visual cues, making it hard for visually impaired people to perceive their location and interact with them.",1,visually impaired
"Existing tools and practices impose high coordination overhead on blind or visually impaired (BVI) developers, impeding their abilities to collaborate effectively, compromising their agency, and limiting their contribution.",1,visually impaired
"Taking advantage of the convenience and mobility of modern smartphones, TranslatAble allows individuals with complex communication needs-specifically individuals with severe dysarthria or individuals who primarily use non-sign language gestures---to build their own system of communication through speech or gesture input.",0,sign language
"Although all participants were effective employees, they expressed that working in a predominantly sighted office environment produces impediments to a blind person's independence and to their integration as an equal coworker.",0,blind person
"Since 1976, when California State University Northridge (CSUN) began its Annual International Technology and Persons with Disabilities Conference, there have been specialized conferences with an accessibility theme.",0,persons with disabilities
Providing the blind with substitute visual perception is a relentless challenge confronting researchers of diverse areas.,1,the blind
"We explore this idea through the lens of sign language video collection, which is crucial for advancing sign language recognition and translation.",0,sign language
"Thus, we propose a solution consisting of a multimodal map of urban environment which provides verbal audio information that is selectively bound to specific locations on the map.",0,bound
"In addition to providing opportunities to students, faculty, and caregivers in their efforts to integrate 3D printing in special education settings, our investigation also revealed several concerns and challenges.",1,special
"Based on these results, a new multimodal device design concept has been generated which will improve upon previous solutions and give graphic editing and viewing to blind and visually impaired individuals at a low cost.",1,visually impaired
Mobile sign language video communication has the potential to be more accessible and affordable if the current recommended video transmission standard of 25 frames per second at 100 kilobits per second (kbps) as prescribed in the International Telecommunication Standardization Sector (ITU-T) Q.26/16 were relaxed.,0,sign language
"As a result of evaluation using nine wheelchair users' data with Support Vector Machine, three ground surface types, curb, tactile indicator, and slope, were detected with f-score (and accuracy) of 0.63 (0.92), 0.65 (0.85), and 0.54 (0.97) respectively.",0,wheelchair user
Deaf and Hard of Hearing (DHH) children are often at risk of language deprivation due to hearing parents’ limited knowledge of sign language - the natural language for DHH children at birth.,0,hard of hearing
"However, sign language datasets lack the volume and variety necessary to work well.",0,sign language
"Despite researchers having extensively studied various ways to track body pose on-the-go, most prior work does not take into account wheelchair users, leading to poor tracking performance.",0,wheelchair user
"We found that our participants wanted more than simple phone functions, and instead wanted a variety of application areas.",0,simple
Haptic colour identification aids exist but are slow to learn.,0,slow
"We present a web study exploring signers’ concerns in contributing to video corpora and their attitudes about using filters, and a computer vision experiment exploring sign language recognition performance with filtered data.",0,sign language
"Our VocaliD system combines the source characteristics of the disordered speaker with the filter characteristics of an age-matched healthy speaker using voice transformation techniques, in order to produce a personalized voice.",1,healthy
This paper examines factors that affect performance of a basic menu selection task by users who are visually healthy and users with Diabetic Retinopathy (DR) in order to inform better interface design.,1,healthy
"Through an iterative design process using Wizard of Oz (WOz) prototypes, we designed a video calling application for people with Autism Spectrum Disorder.",0,disorder
Knowing the location of crosswalks is critical for a blind person planning a trip that includes street crossing.,0,blind person
The aim of this study is to assess if using the music multimedia tool ACMUS with people with severe mental disorders is feasible and potentially beneficial.,1,mental
"Highly textual websites present barriers to Deaf people, primarily using American Sign Language for communication.",0,sign language
"Through thematic analysis, we identified four themes (i.e., enforced use of technology; need for support in technology use; equivocal stance towards sharing data; hypothetical value of technology for healthy ageing) to provide a deeper understanding of older adults' attitudes and engagement with information- and communication technologies (ICT) in general and SMHS in particular.",0,healthy
"We come up with an idea of Presentation Methods of Sound Information, which is thought to enable visually impaired people to define the object location on the touch-screen.",1,visually impaired
We base this on findings from two studies at a special school in New Delhi.,1,special
"At present, there are few, if any, customization features for invisible disabilities (e.g., chronic health conditions, mental health conditions, neurodivergence) in social VR platforms.",0,mental
"In this report, we introduce its general framework for color-audio encoding of images to provide visually impaired individuals with a low-cost application for color perception substitution, using the sense of hearing instead of sight.",1,visually impaired
Precisely guiding a blind person's hand can be useful for a range of applications from tracing printed text to learning and understanding shapes and gestures.,0,blind person
Four cooking techniques commonly used to prepare Indian dishes were identified and interviews were carried out with a diverse group of visually impaired persons (n=12).,1,visually impaired
"These studies and related literature suggest potential for future iterations of the system to benefit blind and visually impaired users in educational, professional, and recreational contexts.",1,visually impaired
The resulting system illustrates a general methodology of creating simple scripts operating over visual features that can be directly included in existing tools.,0,simple
We learned that online tests act as an important resource that address the shortcomings in support systems for people with professionally diagnosed or suspected cognitive or mental disabilities.,0,mental
In the current work we are developing a tonally based mechanism that allows the visually handicapped user to navigate through the same complex hierarchical menu structures used in the GUI.,1,handicapped
We study real-time anomaly detection in a context that considers user trajectories as input and tries to identify anomaly for users following normal routes such as taking public transportation from the workplace to home or vice versa.,0,normal
"This paper presents a tablet-based application for activity schedules that has been designed following a participatory design approach involving mainstream teachers, special-education teachers and school aides.",1,special
"To find out, we interviewed 17 adults with cognitive or mental disabilities about their motivation for and experience using online tests.",0,mental
"The second experiment looks at typical pointing tasks (e.g., dragging) for each technology.",0,typical
Our prototype is evaluated against a screen-based state of the art interface in a study with three navigation tasks completed by seven power wheelchair users.,0,wheelchair user
"While results indicated that an app cannot overcome many of the challenges parents face, parents still expressed a very positive attitude towards using a sign language learning app.",0,sign language
Sign language narration is difficult to view at live planetarium shows because the room is dark and the signer is not located near images projected onto the planetarium dome.,0,sign language
"With the adoption of 3D printing technologies, visually impaired students and teachers will have more access to 3D printed tactile models.",1,visually impaired
"To motivate people with ID to engage in the training, we gamified the training of pedestrian safety for children with ID in special education school settings.",1,special
"Through our grounded theory analysis, we found that BLV older adults experience liminality as they acquire smartphones and transition through re-acquiring smartphones as they become blind, and they can transition through liminality by participating in mutual aid within the blind community.",0,the blind
"This paper presents the design of an end-to-end sign language dictionary system, incorporating design recommendations from recent human–computer interaction (HCI) research.",0,sign language
A controlled study (N=10) conducted at the Indiana School for the Blind and Visually Impaired compared topic- and list-based back to traditional back mechanisms while participants completed fact-finding tasks.,0,the blind
I offer a new crip-material exploration (CME) framework to expand the understanding of PwD expertise.,0,crip
"In collaboration with NGOs dedicated to supported employment programs, a novel Context-Aware Task Prompting system (CATPro) is presented in this research to increase work and life independence for cognitive-impaired patients such as people with traumatic brain injury, cerebral palsy, mental retardation, schizophrenia, dementia, and Alzheimer's disease.",1,mental
"This paper describes the evaluation of software, software designed to allow visually impaired users to explore the structures of chemical molecules using a speech based presentation.",1,visually impaired
A consequence of these products moving to voice control is that people who are deaf and hard of hearing (DHH) may be unable to use them.,0,hard of hearing
"By adopting a critical disability theory lens, I critique the techno-solutionism currently present in digital mental health care.",0,mental
We demonstrate a system designed to assist a visually impaired individual while moving in an unfamiliar environment.,1,visually impaired
Many students with visual impairments (VIs) study in public schools instead of special education programs.,1,special
"We show that deaf and hard of hearing students prefer multiple, focused videos over a single, high-quality video and that a compacted layout of only the most important views is preferred.",0,hard of hearing
"Therefore, we designed a web-based Urdu Braille Translator and interactive Braille learning tool to enhance the Urdu Braille learning experience for parents of visually impaired.",1,visually impaired
"We present our investigation at three diverse sites as a case study of 3D printing in the realm of special education, discuss obstacles to efficient 3D printing in this context, and offer suggestions for designers and technologists.",1,special
"Further, we came to appreciate the importance of harnessing teacher perspectives in the design of effective e-learning tools for special students.",1,special
"Millions of Deaf and hard-of-hearing (DHH) people primarily use a sign language for communication, but there is a lack of adequate sign language interpreting to fill these communication needs.",0,sign language
The design and layout of a keyboard for entering braille changes the mental effort required to transform the dots prior to inputting the braille cells.,0,mental
"Typical sidewalk mapping methods rely on surveyor collections, which are non-standardized, laborious, costly, difficult to maintain, and do not scale well.",0,typical
"For this study, participants with AMD and visually-healthy controls used a handheld computer to search, select and manipulate familiar playing card icons under varied icon set sizes, inter-icon spacing and auditory feedback conditions.",1,healthy
"With WB audio, individuals with hearing loss exhibit better speech recognition, expend less perceived mental effort, and rate speech quality higher than with NB audio.",0,mental
"RASSAR’s design was informed by a formative interview study with 18 participants from five key stakeholder groups, including wheelchair users, blind and low vision participants, families with young children, and caregivers.",0,wheelchair user
"A range of potential cursor measures was applied, and a number of them were found to be significant in capturing the differences between able-bodied users and motion-impaired users, as well as the differences between a haptic force feedback condition and a control condition.",1,able-bodied
We call this emerging area Personal Safety Management and contribute a set of four broad subareas that deserve further exploration by researchers and designers working within the blind and broader disabilities communities.,1,the blind
This paper presents a prototype of an educative and inclusive application: the Brazilian Sign Language Multimedia Hangman Game.,0,sign language
"As data visualization has become increasingly important in our society, many challenges prevent people who are blind and visually impaired (BVI) from fully engaging with data and data graphics.",1,visually impaired
Biofeedback games help users maintain specific mental or physical states and are useful to help people with cognitive impairments learn to self-regulate their brain function.,1,impairments
"While the main focus of research is the computation of users' position, the additional challenge of conveying guidance instructions arises when the target user is blind or visually impaired (BVI).",1,visually impaired
"The Americans with Disabilities Act requires online lecture creators to caption the videos for deaf and hard of hearing students, or for deaf and low vision (DLV) students who request these accommodations.",0,hard of hearing
We take a qualitative approach to understanding deaf and hard of hearing (DHH) students' experiences with real-time captioning as an access technology in mainstream university classrooms.,0,hard of hearing
We designed a system for hunchback detection using smart phone.,0,hunchback
Such systems offer a simple alternative to expensive specialized stroke rehabilitation software.,0,simple
Learning a musical instrument can be a challenging task for a deaf person due to limited access to sound.,0,deaf person
Stuttering is a speech disorder which impacts the personal and professional lives of millions of people worldwide.,0,disorder
"However, it is not clear if the way that assistance is provided by such devices is what manual wheelchair users need and expect.",0,wheelchair user
This paper studies human movement of both mobility and visually impaired people using mobile sensing devices as the first step toward creating an accessible information base.,1,visually impaired
"Current symbol-based dictionaries providing vocabulary support for persons with the language disorder, aphasia, are housed on smartphones or other portable devices.",0,disorder
"Although many sports games have been adapted for visually impaired players, these games often fail to engage sighted individuals or might be perceived as dull by them.",1,visually impaired
"We explored users' ability to play simple interactive games and learn visual principles, and explored the feelings and opinions of both the users and instructors during the shift.",0,simple
"While strings and syntax trees are used by the Natural Language Processing community to represent the structure of spoken languages, these encodings are difficult to adapt to a signed language like American Sign Language (ASL).",0,sign language
Persons with cognitive or mental disabilities have difficulties participating in or are excluded from IT development and assessments exercises due to the problems finding good ways to efficiently collaborate on equal terms.,0,mental
"Interactive devices offer promise as creative tools for teachers of the visually impaired (TVIs) as they can support real-time iteration of adapted learning materials, display changing information, and provide embodied learning experiences for BLV students.",1,visually impaired
"Providing blind and visually impaired people with the descriptions of key visual elements can greatly improve the accessibility of video, film and television.",1,visually impaired
"Four legally-blind participants were asked to don the Emotiv Epoc headset, and authenticate entry using gestural cues, emotional cues and mental commands.",0,mental
"To assess the validity of the proposed wayfinding system, we have conducted field test with four visually impaired, then the results showed that they can find the optimal path in real-time with an accuracy of 95\%.",1,visually impaired
"This paper proposes a new method, which also utilizes the semantic and syntactical contexts in the preceding texts to help disambiguate the user desired words, therefore further reduce the number of keystrokes needed from physically challenged users.",1,challenged
"One of the big problems visually impaired persons experience in their daily lives, is the inability to see non-verbal cues of conversation partners.",1,visually impaired
"The so-called Walker is able to autonomously drive to patients and then changes into a more traditional walking-frame, i.e. one that has to be pushed by the patient, but it can still help by giving navigation instructions.",0,patient
"We have built a new interaction toolkit called the Responsive Spatial Audio Cloud (ReSAC), developed around spatial audio technology, to enable visually impaired players to play video games.",1,visually impaired
"Despite advances in assistive technology, challenges remain in pre-college computer science outreach and university programs for visually impaired students.",1,visually impaired
"Data is collected in close cooperation with Disabled People's International (DPI) and persons with disabilities worldwide, considering their best position to assess and report on digital accessibility matters in their respective countries.",0,persons with disabilities
"Since these individuals may not emote in a typical way, most techniques for affective computing will not work for this population.",0,typical
This  way  the  whole  diagram  can  be  explored  in  an  audio-tactile  way.,0,whole
"While researchers have been able to establish that non-visual input is slow and error prone, there is little understanding on how to improve it.",0,slow
"It is concluded that increasing complexity, oftentimes caused by adding new technology to a Web page, inadvertently contributes to increasing barriers to accessibility for persons with disabilities.",0,persons with disabilities
"This and other findings support our recommendation that intelligible mobile sign language conversations can occur at frame rates as low as 10 fps/50 kbps while optimizing resource consumption, video intelligibility, and user preferences.",0,sign language
The first round of consultations was conducted with 3 visually impaired adults with significant programming experience; the second one involved 9 children with mixed visual abilities.,1,visually impaired
"The context is a special school in New Delhi, Nai Disha, where we designed and developed an application, Kirana, that integrates arithmetic and social interaction to teach purchasing of items from a local grocery store.",1,special
"Using a tour design task, we invited 12 first-time blind visitors to explore the museum building, chose exhibits that attracted them, and built a mental map with exhibit names and directions.",0,mental
"To expand the services that are based on Japanese Sign Language (JSL) for deaf and hard of hearing people, we developed a support system for viewing sports program.",0,hard of hearing
"We present a content analysis of 122 YouTube videos to highlight the cooking practices of visually impaired people, and we describe detailed practices for 12 different cooking activities (e.g., cutting and chopping, measuring, testing food for doneness).",1,visually impaired
Geriatric depression is a common mental health condition affecting majority of older adults in the US.,0,mental
Due to a lack of immersive exposure to their natural language - sign language - they are at severe risk of language deprivation.,0,sign language
"In this work, we adopt a constructive visualization framework of using simple and versatile tokens to engage non-experts in the construction of tactile data representations.",0,simple
Documentation of STEM vocabulary will also help facilitate access to education for the Deaf community.,0,the deaf
"However, the number of TGs available to users is considerably limited because they need to be created by designers and teachers of the visually impaired (TVIs) with extensive experience.",1,visually impaired
"Many individuals who are blind or visually impaired are interested in drawing tactile pictures, and some have already done so with static raised-line drawing kits.",1,visually impaired
Fully Automated Vehicles (FAVs) have the potential to provide blind and visually impaired (BVI) individuals with mobility independence.,1,visually impaired
it is not accessible to the visually impaired as it relies on visual stimuli.,1,visually impaired
"We explore the use of the wheelchair using different control paradigms (independent, remote, and shared) from both the wheelchair and the remote control seat with 5 dyads and 1 triad of participants, including wheelchair users and non. Results highlight key advantages and disadvantages of the SeaHare in different paradigms, with participants’ perceptions affected by their skills and lived experiences, and reflections on how different control modes might suit different scenarios.",0,wheelchair user
"We then deployed three real-time personalized ICV simulations to nine people with typical colour vision, encouraging them to take photos of interesting colour situations.",1,typical
This system monitors the abnormal activities of an older adult using wireless motion sensors and machine learning models.,0,abnormal
The VJ-Voicebot relies only on continuous and discrete non-verbal vocal sounds to interact with objects in its environment.,0,non-verbal
"Personalized simulations of other sensory impairments have been shown to improve understanding, so digital personalized simulations of hearing loss might improve understanding for hearing parents of d/Deaf and hard of hearing (DHH) children, but only if there is demand for it.",0,hard of hearing
"Most existing entry methods that use the joystick take the form of on-screen or selection keyboards which require multiple movements of a joystick to enter a single character, making text input slow.",0,slow
"Existing accessible drawing tools, which construct images line by line, are suitable for simple tasks like math but not for more expressive artwork.",0,simple
"However, avatar research is characterized by the fact that most researchers are not members of the Deaf community, and that Deaf people as potential users have little or no knowledge about avatars.",0,the deaf
"This paper presents SUITEKeys, a continuous speech understanding interface for motor-control challenged computer users.",1,challenged
Translating from English to American Sign Language (ASL) requires an avatar to display synthesized ASL.,0,sign language
"The study was conducted using AudioBrowser, a non-visual information access for the visually impaired.",1,visually impaired
The reliance on vision for tasks related to cooking and eating healthy can present barriers to cooking for oneself and achieving proper nutrition.,0,healthy
"Music is an aural art form, but it is notated graphically, and highly visual mainstream technologies pose significant accessibility barriers to blind and visually impaired users.",1,visually impaired
"Several tests have been conducted and despite minor changes to the gameplay, visually impaired players are able to play the game successfully and enjoy the challenge the game provides.",1,visually impaired
We hypothesize that one of the reasons for the slow adoption of UD is that universal design resources (UDRs) are not adequate for facilitating designers' tasks.,0,slow
The system automatically generates Japanese Sign Language (JSL) computer graphics (CG) animation and subtitles from prepared templates of JSL phrases corresponding to fixed format game data.,0,sign language
"This demonstration will show the features and function of the portable iCARE Reader device, which allows people who are blind or visually impaired to read books (and other forms of printed text) in a more natural and convenient way than current tabletop flatbed scanner systems.",1,visually impaired
"This limitation excludes this population from learning to code and, for those who develop a musculoskeletal disorder in later stages, could jeopardize their programming careers.",0,disorder
It is based on a study of French Sign Language (LSF).,0,sign language
